feature,selected,consensus_rank,consensus_score,mutual_info,mutual_info_rank,anova_f,anova_rank,rfe_rank,rfe_selected
rgb_b_std,True,1,9.0,0.2482738732216434,5,269.2471086975497,3,1,True
lab_color_a_min,True,2,9.0,0.2328346781114563,6,285.3284967199466,2,1,True
lbp_uniform_ratio,True,3,13.0,0.2123838914261813,8,268.8026716820323,4,1,True
lab_b_exudate_std,True,4,15.0,0.2031071976766503,9,266.52477526297463,5,1,True
wavelet_vertical_energy,True,5,15.0,0.18452690534455485,13,286.26908657127166,1,1,True
area_adjusted_exudate_count,True,6,19.0,0.37074751130254247,1,165.13641302308193,17,1,True
wavelet_diagonal_energy,True,7,23.0,0.17794300411205377,15,220.8942877826093,7,1,True
all_lesion_circularity_mean,True,8,29.0,0.14763794858686685,22,227.02671074557503,6,1,True
lbp_entropy,True,9,30.0,0.15450826148642438,21,202.90510259405468,8,1,True
texture_skewness,True,10,32.0,0.1552317965756469,20,188.92316902971882,11,1,True
rgb_b_max,True,11,37.0,0.17989561509101515,14,153.96113375787994,22,1,True
all_lesion_eccentricity_mean,True,12,39.0,0.13907771024706728,26,188.68881778560532,12,1,True
temporal_texture_mean,True,13,43.0,0.13048261381571313,32,189.2057635752474,10,1,True
vessel_skeleton_length,True,14,45.0,0.20172314537921432,10,113.35643898854408,34,1,True
glcm_contrast_90,True,15,46.0,0.1556899228828139,19,144.31655042656965,26,1,True
vessel_length,True,16,47.0,0.20152735386258191,11,113.35643898854408,35,1,True
inferior_texture_mean,True,17,47.0,0.12056547291848174,37,192.57703735207338,9,1,True
temporal_lesion_density,True,18,47.0,0.1429699451238018,23,149.22420117927825,23,1,True
fft_low_frequency_ratio,True,19,47.0,0.17694338702042334,16,137.21647515789942,30,1,True
lab_color_l_max,True,20,48.0,0.13200288325330822,31,165.5551964428279,16,1,True
hsv_s_std,True,21,49.0,0.19074549010037334,12,113.14823119840307,36,1,True
texture_mean,True,22,50.0,0.1278289443420637,34,166.70932796565717,15,1,True
hard_exudate_brightness_std,True,23,52.0,0.13789903913900625,27,148.75152802890744,24,1,True
lab_color_b_min,True,24,56.0,0.15644673737278314,18,110.87342208535608,37,1,True
hard_exudate_area,True,25,56.0,0.12080076550167407,36,156.95987426253774,19,1,True
all_lesion_solidity_mean,True,26,57.0,0.11420300715693132,42,169.1122560599894,14,1,True
fft_mid_frequency_ratio,True,27,61.0,0.13632594525688901,28,131.23769036414274,32,1,True
exudate_area,True,28,63.0,0.11197410421194176,44,156.95987426253774,18,1,True
rgb_g_max,True,29,64.0,0.10951300742747527,50,180.96000362995488,13,1,True
fft_high_frequency_ratio,True,30,66.0,0.14293300069538262,24,104.68518852022457,41,1,True
exudate_density,True,31,66.0,0.11205234885242232,43,155.14920757645947,20,3,False
quality_sharpness,True,32,72.0,0.11843710357698134,40,142.06774036368347,29,3,False
hard_exudate_coverage_pct,True,33,73.0,0.11011513897655245,49,155.1492075764581,21,3,False
quality_blur_score,True,34,81.0,0.16906613869139608,17,80.72322448144456,63,1,True
vessel_endpoint_count,True,35,84.0,0.10338022002706015,56,146.52125402370754,25,3,False
wavelet_detail_energy,True,36,87.0,0.1080717741197077,51,125.4940961154991,33,3,False
temporal_lesion_count,True,37,89.0,0.10083916794115177,57,135.189467305944,31,1,True
exudate_count,True,38,95.0,0.09393903909314183,67,143.57260715238803,27,1,True
exudate_burden_score,True,39,98.0,0.11078807233503163,48,94.7252904018496,49,1,True
lbp_mean,True,40,101.0,0.10058334365255694,58,103.80284950103282,42,1,True
local_texture_variance_mean,True,41,103.0,0.09859795352082479,61,108.78230174055177,38,4,False
hard_exudate_distance_to_optic_disc_mean,True,42,104.0,0.10481454990702499,53,93.77006830293888,50,1,True
stage_progression_score,True,43,105.0,0.11093545118969317,47,85.62240781851287,57,1,True
hsv_v_min,True,44,109.0,0.231408864672896,7,33.29945934931532,101,1,True
hard_exudate_count,True,45,111.0,0.08617125908266088,80,143.57260715238803,28,3,False
quality_snr,True,46,113.0,0.09333195967112706,69,102.4368113084024,43,1,True
lesion_density_score,True,47,115.0,0.1198459838261261,38,67.66489004934859,76,1,True
superior_lesion_density,True,48,118.0,0.11171272837438417,45,72.5561590805316,70,3,False
lab_color_l_std,True,49,121.0,0.13596369310577128,29,53.02734484723847,88,4,False
vessel_area_ratio,True,50,121.0,0.09907931920581392,59,81.95931303148782,61,1,True
vessel_density,True,51,121.0,0.09884216383644873,60,81.95931303148782,60,1,True
texture_std,True,52,121.0,0.09117450680957662,72,98.37974088907748,45,4,False
vessel_fragmentation_index,True,53,127.0,0.08959454728300642,73,93.71862751967596,51,3,False
lab_color_b_max,True,54,127.0,0.12601770783454258,35,52.38483521818662,89,3,False
lab_color_b_entropy,True,55,128.0,0.08160337380416216,88,107.94815327870609,39,1,True
texture_variance,True,56,130.0,0.09131363193517972,71,86.5187682092341,56,3,False
advanced_dr_indicator_score,True,57,131.0,0.11868457317074954,39,49.387377155450764,90,2,False
hsv_s_entropy,True,58,132.0,0.14253876947086663,25,29.270328469172043,106,1,True
hsv_v_std,True,59,132.0,0.13545876625747422,30,33.9394088370721,99,3,False
rgb_r_std,True,60,132.0,0.1300468974054909,33,35.754018138422246,98,1,True
glcm_contrast,True,61,133.0,0.09625857624781808,65,76.61171539427782,65,3,False
quality_contrast,True,62,135.0,0.09833057406416224,62,74.43726066970977,68,5,False
rgb_g_std,True,63,135.0,0.09832788924075153,63,74.43726066970977,67,5,False
glcm_contrast_45,True,64,136.0,0.0888032086273518,77,88.65287716884205,55,4,False
hemorrhage_to_exudate_ratio,True,65,137.0,0.11512816635758805,41,45.54867973160428,94,2,False
nasal_texture_mean,True,66,141.0,0.07668948996237201,96,99.23461674328544,44,1,True
nasal_texture_std,True,67,141.0,0.08179660388545207,86,89.58305162284695,54,1,True
hard_exudate_brightness_mean,True,68,144.0,0.09700034889698594,64,59.543726213715246,79,1,True
superior_lesion_count,True,69,147.0,0.07076801480107209,106,107.274778000957,40,1,True
hsv_s_min,True,70,148.0,0.07792362325869018,95,95.53864294514399,48,5,False
inferior_texture_std,True,71,149.0,0.07830576236284381,94,93.70455622027482,52,3,False
glcm_dissimilarity,True,72,153.0,0.07983809959196586,90,83.01061188824228,59,4,False
area_adjusted_ma_count,True,73,153.0,0.3419874749313072,3,11.279798921422925,146,4,False
vessel_curvature_mean,True,74,153.0,0.08585189400049931,81,72.40990564236704,71,1,True
ma_density_per_retinal_area,True,75,154.0,0.3421168830486587,2,11.279798921422767,147,5,False
temporal_texture_std,True,76,154.0,0.08253071679735058,84,72.82453879824048,69,1,True
fft_dominant_radius_mean,True,77,157.0,0.09336745486890274,68,55.18622299591083,85,4,False
fft_dominant_radius_std,True,78,159.0,0.08237682297681514,85,70.5593302054113,73,1,True
hard_exudate_max_area,True,79,160.0,0.07928643724682072,91,75.4583581224746,66,3,False
superior_texture_std,True,80,162.0,0.07512626206532103,101,83.1013997851133,58,3,False
all_lesion_compactness_mean,False,81,162.0,0.07640993482711655,97,78.72890811253754,64,1,True
superior_texture_mean,False,82,163.0,0.06537925476484041,116,96.17046446721001,46,1,True
glcm_homogeneity,False,83,165.0,0.07493773202275733,102,81.66110507860523,62,1,True
inferior_vessel_density,False,84,165.0,0.0655202392643841,115,96.13744662745937,47,3,False
hsv_h_std,False,85,168.0,0.10574066006005634,52,24.87659265961887,115,1,True
all_lesion_area,False,86,169.0,0.08752849099236792,79,53.39270721450771,87,3,False
lab_color_a_max,False,87,170.0,0.07909609190676381,92,70.1622836763873,74,4,False
vessel_abnormality_score,False,88,170.0,0.06635556070258586,113,91.78965288976472,53,4,False
combined_lesion_burden,False,89,173.0,0.0891924295291715,75,36.577114338962396,97,1,True
area_adjusted_hemorrhage_count,False,90,173.0,0.30192739677832714,4,7.4561155588722805,164,5,False
lab_color_a_entropy,False,91,176.0,0.07474379883669213,103,72.34671523266474,72,1,True
temporal_vessel_density,False,92,178.0,0.08940285018969663,74,33.706842111837105,100,4,False
ma_to_exudate_ratio,False,93,180.0,0.08373453018998189,82,41.55100062551925,95,3,False
lbp_std,False,94,185.0,0.07378925983483686,104,57.89938733445627,80,1,True
glcm_energy_90,False,95,199.0,0.06760740467833459,112,55.06780426396597,86,1,True
glcm_correlation,False,96,200.0,0.08302768906654778,83,25.162058118009213,114,3,False
glcm_energy_45,False,97,201.0,0.06423741584362119,119,57.126942401184984,81,1,True
rgb_g_mean,False,98,205.0,0.08890123599112787,76,19.332082213551676,125,4,False
glcm_entropy,False,99,205.0,0.06079584178295683,125,65.4372189918955,77,3,False
glcm_energy_0,False,100,205.0,0.06487833673044596,118,55.60256217854405,84,3,False
quality_brightness,False,101,207.0,0.08873148962022936,78,19.332082213551676,126,3,False
glcm_contrast_135,False,102,208.0,0.05870202068327046,129,68.667241532729,75,4,False
exudate_mean_area,False,103,210.0,0.07256640137160897,105,32.79971956511401,102,3,False
glcm_energy,False,104,211.0,0.05996469963974649,127,56.14415000393767,83,1,True
lab_color_l_mean,False,105,212.0,0.09486325438738907,66,11.455410599906115,145,1,True
hsv_h_mean,False,106,212.0,0.07563164524741373,98,26.627114100345924,113,1,True
hard_exudate_distance_to_macula_mean,False,107,214.0,0.11100780404248312,46,6.64145284189146,167,1,True
rgb_r_min,False,108,215.0,0.10387897750355357,54,9.46246803062131,157,4,False
hard_exudate_mean_area,False,109,215.0,0.06886798294402263,109,32.79971956511401,103,3,False
lesion_vessel_interaction,False,110,218.0,0.07852018391649418,93,19.65481963414254,124,1,True
glcm_energy_135,False,111,220.0,0.05384836276891791,134,56.66963943084605,82,4,False
vessel_tortuosity_std,False,112,225.0,0.05676165524322174,130,47.52095367815513,91,4,False
lab_color_b_std,False,113,227.0,0.06846910564759812,110,24.16360530436524,116,1,True
lab_b_std,False,114,229.0,0.0684532629173562,111,24.16360448393716,117,1,True
hard_exudate_texture_mean,False,115,230.0,0.069089180445983,108,21.307989542655964,120,2,False
total_lesion_count,False,116,233.0,0.035671503532817894,154,59.63606526280833,78,1,True
all_lesion_aspect_ratio_mean,False,117,235.0,0.05198278613214047,141,46.41989523106246,93,1,True
lab_color_a_std,False,118,236.0,0.06292749354623428,121,26.866659815090827,112,3,False
nasal_vessel_density,False,119,237.0,0.05514450078291322,131,30.773627054043025,105,1,True
lab_b_exudate_mean,False,120,238.0,0.05995391887338508,128,29.143146360423646,107,3,False
texture_kurtosis,False,121,240.0,0.06354396424544939,120,21.541667774030234,119,1,True
local_texture_variance_std,False,122,241.0,0.04557794496084577,148,46.67148385068017,92,1,True
lab_color_l_min,False,123,243.0,0.09275245633028195,70,6.079283348626856,168,5,False
wavelet_horizontal_energy,False,124,245.0,0.06003728773621697,126,22.792964775180035,118,1,True
lab_color_b_mean,False,125,250.0,0.08177982666252692,87,8.286683571661028,159,4,False
rgb_r_max,False,126,252.0,0.052596354287454794,138,28.227467837625927,109,5,False
lab_b_mean,False,127,252.0,0.08126126146074242,89,8.286675958918835,160,3,False
fft_energy,False,128,254.0,0.03552626738997233,155,38.69703146965418,96,3,False
inferior_lesion_density,False,129,256.0,0.0609857358537913,124,18.484148045924528,129,3,False
neovascularization_likelihood_score,False,130,259.0,0.06174976032659352,122,17.60941473764831,133,4,False
hsv_v_max,False,131,260.0,0.04605224392298268,147,28.905157567471328,108,5,False
rgb_b_entropy,False,132,261.0,0.10339049753393637,55,0.47986075897605696,203,3,False
hsv_v_mean,False,133,264.0,0.07550868310316305,99,8.192326148202401,162,3,False
wavelet_approx_energy,False,134,265.0,0.03544068379034204,156,31.166074848353674,104,5,False
quality_adjusted_lesion_density,False,135,266.0,0.0694624891519493,107,9.506142200149727,156,3,False
ma_distance_to_optic_disc_mean,False,136,267.0,0.05480969769877797,132,17.223121330989738,134,1,True
texture_lesion_interaction,False,137,268.0,0.05339897858564857,135,18.252676070440994,130,3,False
hemorrhage_count,False,138,270.0,0.047589462458687226,144,20.19249525983484,122,4,False
hsv_h_entropy,False,139,273.0,0.04908429057627739,142,19.032362001039772,127,4,False
hsv_s_mean,False,140,273.0,0.06554103052553062,114,9.046182511238039,158,1,True
vessel_branching_count,False,141,276.0,0.03267199927550157,161,28.211882471713277,110,5,False
vessel_branchpoint_count,False,142,278.0,0.03178880660246719,163,28.211882471713277,111,4,False
glcm_contrast_0,False,143,278.0,0.03713731794088648,152,20.13752459694591,123,3,False
hemorrhage_density,False,144,281.0,0.05227379884431427,139,14.670932428589403,138,4,False
hemorrhage_retina_affected_pct,False,145,283.0,0.05219968110143691,140,14.670932428589264,139,4,False
rgb_r_mean,False,146,289.0,0.061731809208548594,123,7.933299774462145,163,3,False
ma_distance_to_optic_disc_min,False,147,293.0,0.04663115817436303,146,12.277269750289244,143,4,False
lab_color_l_entropy,False,148,294.0,0.041659069660669346,150,13.578945769623555,141,3,False
hemorrhage_mean_area,False,149,294.0,0.027383622717522815,169,21.232851683801965,121,4,False
rgb_b_mean,False,150,296.0,0.0475359426029911,145,10.25467275768305,150,1,True
vessel_average_width,False,151,297.0,0.03538833231484784,157,15.504838943975972,136,4,False
vessel_tortuosity_mean,False,152,300.0,0.022376336758188398,171,18.823627002522965,128,1,True
referable_lesion_score,False,153,301.0,0.07521571115753245,100,1.595966877537666,197,4,False
ma_density,False,154,302.0,0.02826271345765141,167,18.162834831692635,131,4,False
vessel_curvature_std,False,155,304.0,0.03758834068146344,151,10.9175033023751,149,4,False
lab_color_a_mean,False,156,304.0,0.030538753299634624,166,15.207258379151513,137,1,True
vessel_tortuosity_max,False,157,305.0,0.03418201782025232,159,13.44099037312454,142,4,False
hemorrhage_largest_area,False,158,314.0,0.016167097421383225,176,15.800363789134007,135,3,False
hsv_v_entropy,False,159,314.0,0.0346457403174254,158,9.743863576349653,152,4,False
hard_exudate_texture_std,False,160,315.0,0.054540365887480124,133,4.070652599938169,178,4,False
vessel_curvature_max,False,161,315.0,0.014955613809129353,178,18.003225853219217,132,5,False
all_lesion_perimeter_mean,False,162,316.0,0.03284098400130597,160,9.57008988697364,155,1,True
hsv_h_max,False,163,318.0,0.06490764636026247,117,1.6671081059326547,196,5,False
rgb_r_entropy,False,164,318.0,0.032185807234962116,162,9.682320205080549,153,3,False
rgb_g_min,False,165,320.0,0.049071340372485395,143,4.9597607877508265,172,5,False
rgb_b_min,False,166,323.0,0.052922571733044155,137,3.676533356143874,181,5,False
hemorrhage_area,False,167,324.0,0.05338539863866387,136,2.61723819962491,185,3,False
all_lesion_convex_hull_area_mean,False,168,327.0,0.03583808932850552,153,5.348361497794267,171,3,False
nasal_lesion_density,False,169,329.0,0.04367194002499142,149,4.477074296904458,176,4,False
ma_temporal_count,False,170,333.0,0.004747458676761962,189,13.938974937082707,140,4,False
superior_vessel_density,False,171,333.0,0.012738835491265199,181,11.273415717687113,148,4,False
rgb_g_entropy,False,172,334.0,0.009356678101712035,186,11.553846015866005,144,4,False
vessel_complexity_score,False,173,334.0,0.030755994821259236,165,7.313969470300127,165,4,False
ma_inferior_count,False,174,335.0,0.01456695982685785,179,10.2222916162123,151,5,False
inferior_lesion_count,False,175,336.0,0.015758844837205466,177,9.588659001951104,154,5,False
nasal_lesion_count,False,176,338.0,0.028058972806658034,168,6.769171821731849,166,4,False
ma_area,False,177,345.0,0.020622290643709462,172,6.035742443560684,169,4,False
ma_max_area,False,178,358.0,0.024129785212427812,170,3.2051837336621056,183,5,False
cotton_wool_circularity_mean,False,179,360.0,0.016594678055798173,175,3.679825327201101,180,5,False
ma_nasal_count,False,180,363.0,0.0,198,8.285541653180347,161,4,False
hemorrhage_to_ma_ratio,False,181,364.0,0.031512376768622286,164,1.7803968342125394,195,5,False
soft_exudate_area,False,182,368.0,0.016890730382623786,174,2.247486271201668,189,5,False
ma_superior_count,False,183,370.0,0.011453915747480448,183,3.628219497192928,182,5,False
hsv_s_max,False,184,371.0,0.001082189994291216,196,5.515202729344026,170,5,False
ma_mean_area,False,185,371.0,0.002400384231142194,192,4.595215711598836,175,4,False
cotton_wool_aspect_ratio_mean,False,186,372.0,0.0027693731399418553,190,4.3455307744620155,177,5,False
cotton_wool_mean_area,False,187,373.0,0.012589955257556795,182,2.5321407939346616,186,5,False
cotton_wool_distribution_entropy,False,188,374.0,0.0015944261370677282,195,4.662422480618916,174,5,False
cotton_wool_count,False,189,376.0,0.010818025644379059,184,2.5217490902467903,187,5,False
ma_count,False,190,377.0,0.0,199,4.822090677312799,173,5,False
cotton_wool_area,False,191,377.0,0.006323544761576816,188,2.739521872239926,184,5,False
cotton_wool_solidity_mean,False,192,378.0,0.0017412107781984432,194,4.0246831294416126,179,5,False
soft_exudate_texture_std,False,193,379.0,0.018309303623639916,173,0.9304263659659843,201,5,False
soft_exudate_max_area,False,194,384.0,0.009509554071177817,185,1.8817100124329689,194,5,False
hsv_h_min,False,195,387.0,0.013797234233721145,180,0.48369576789570945,202,5,False
soft_exudate_brightness_std,False,196,391.0,0.008833194726568294,187,1.5509541146858041,199,5,False
soft_exudate_brightness_mean,False,197,393.0,0.0,197,2.1744959909933965,191,5,False
soft_exudate_coverage_pct,False,198,395.0,0.0,202,2.4125991647383405,188,5,False
soft_exudate_count,False,199,396.0,0.0,201,2.2310278252133586,190,5,False
soft_exudate_texture_mean,False,200,396.0,0.002415996796858888,191,1.0625209155272017,200,5,False
soft_exudate_mean_area,False,201,396.0,0.001805399394113838,193,1.5836773498264207,198,5,False
soft_exudate_distance_to_macula_mean,False,202,397.0,0.0,200,2.1570232307433272,192,5,False
soft_exudate_distance_to_optic_disc_mean,False,203,401.0,0.0,203,1.9043819810472877,193,5,False
