method,rank,feature,score
mutual_information,1,area_adjusted_hemorrhage_count,0.07767455878344864
mutual_information,2,fft_mid_frequency_ratio,0.07556420021566979
mutual_information,3,lbp_uniform_ratio,0.07196447089999869
mutual_information,4,lbp_entropy,0.06909121094466508
mutual_information,5,fft_low_frequency_ratio,0.06848466840087064
mutual_information,6,vessel_average_width,0.0674056711714126
mutual_information,7,temporal_texture_mean,0.06712036688279666
mutual_information,8,clinical_hemorrhage_to_vessel_ratio,0.06708159008086523
mutual_information,9,ma_density_per_retinal_area,0.06682310742718056
mutual_information,10,area_adjusted_ma_count,0.06565508827701394
mutual_information,11,area_adjusted_exudate_count,0.06399890905858352
mutual_information,12,wavelet_vertical_energy,0.06069864964407534
mutual_information,13,inferior_texture_mean,0.06020486490621524
mutual_information,14,glcm_dissimilarity,0.05888433864345144
mutual_information,15,vessel_area_ratio,0.05820399522895148
mutual_information,16,vessel_density,0.05820399522895148
mutual_information,17,nasal_vessel_density,0.055466290231275694
mutual_information,18,vessel_length,0.05231923415170092
mutual_information,19,lab_color_a_max,0.05155552554545162
mutual_information,20,temporal_lesion_density,0.05088993066276282
mutual_information,21,vessel_skeleton_length,0.04961181019118599
mutual_information,22,glcm_homogeneity,0.0479914574519833
mutual_information,23,glcm_contrast_45,0.0466990379235972
mutual_information,24,vessel_endpoint_count,0.0458886065054851
mutual_information,25,texture_mean,0.04561025936352392
mutual_information,26,inferior_vessel_density,0.0435565515248344
mutual_information,27,quality_blur_score,0.04287880554790391
mutual_information,28,fft_dominant_radius_std,0.042673365405585306
mutual_information,29,glcm_contrast_90,0.04265015394276239
mutual_information,30,local_texture_variance_mean,0.041674403225763434
mutual_information,31,vessel_abnormality_score,0.04103604055245169
mutual_information,32,nasal_texture_std,0.04033600230600132
mutual_information,33,wavelet_detail_energy,0.03993657645585369
mutual_information,34,glcm_contrast_135,0.03985633493963325
mutual_information,35,nasal_texture_mean,0.03885731515253554
mutual_information,36,hsv_s_std,0.0385442222916661
mutual_information,37,hemorrhage_area,0.03765049301351486
mutual_information,38,glcm_entropy,0.03729427332227275
mutual_information,39,temporal_lesion_count,0.036968438147316984
mutual_information,40,lab_color_a_mean,0.0368211322429004
mutual_information,41,vessel_fragmentation_index,0.03678265137657699
mutual_information,42,glcm_contrast,0.03655132088830504
mutual_information,43,quality_snr,0.036264878406778944
mutual_information,44,hsv_h_mean,0.03591296223123641
mutual_information,45,superior_texture_mean,0.035784494872517225
mutual_information,46,clinical_hemorrhage_burden_score,0.035538321751565904
mutual_information,47,fft_energy,0.034977531750238766
mutual_information,48,glcm_contrast_0,0.03337884377366862
mutual_information,49,inferior_texture_std,0.03335507402369453
mutual_information,50,fft_dominant_radius_mean,0.03317274033369677
mutual_information,51,wavelet_approx_energy,0.03226113653529761
mutual_information,52,lesion_density_score,0.03222424620754727
mutual_information,53,superior_vessel_density,0.03221027774454788
mutual_information,54,hsv_v_std,0.0320822121438431
mutual_information,55,lab_color_l_std,0.030973809606541725
mutual_information,56,vessel_tortuosity_mean,0.03078913810913786
mutual_information,57,fft_high_frequency_ratio,0.030300553970967314
mutual_information,58,lbp_mean,0.02990239146230267
mutual_information,59,rgb_r_std,0.02988928821183756
mutual_information,60,hemorrhage_mean_area,0.0292364446765232
mutual_information,61,hsv_v_min,0.02905195657256132
mutual_information,62,referable_lesion_score,0.02901025627103837
mutual_information,63,rgb_b_max,0.02878436608409296
mutual_information,64,hsv_h_std,0.028704033720184707
mutual_information,65,wavelet_diagonal_energy,0.028484710417188364
mutual_information,66,texture_variance,0.02817935936064231
mutual_information,67,texture_std,0.028099235165297998
mutual_information,68,quality_adjusted_lesion_density,0.027942078310814855
mutual_information,69,glcm_energy_135,0.02764088805884768
mutual_information,70,texture_skewness,0.02711500749532103
mutual_information,71,all_lesion_eccentricity_mean,0.02648477733388188
mutual_information,72,hemorrhage_largest_area,0.026255764164264228
mutual_information,73,hemorrhage_retina_affected_pct,0.02597420430238362
mutual_information,74,rgb_r_min,0.025236723929547233
mutual_information,75,hemorrhage_density,0.025003893277724787
mutual_information,76,all_lesion_area,0.024976960142595983
mutual_information,77,hemorrhage_to_ma_ratio,0.024748429654525506
mutual_information,78,lab_color_a_min,0.02471771320144689
mutual_information,79,glcm_energy_90,0.024570856554471332
mutual_information,80,vessel_curvature_mean,0.024471548664459997
mutual_information,81,superior_texture_std,0.024436647509250564
mutual_information,82,glcm_energy_0,0.024321461603494354
mutual_information,83,lab_b_exudate_std,0.02400068724622284
mutual_information,84,clinical_total_lesion_area,0.02366103857515367
mutual_information,85,lab_color_a_entropy,0.02360741571405045
mutual_information,86,vessel_tortuosity_max,0.023555208612725753
mutual_information,87,quality_sharpness,0.02318486490786431
mutual_information,88,rgb_b_std,0.022464083720823647
mutual_information,89,glcm_correlation,0.02235095317085989
mutual_information,90,vessel_tortuosity_std,0.02230778091009089
mutual_information,91,clinical_microaneurysm_density_score,0.021595119773126115
mutual_information,92,lab_color_l_entropy,0.021552307116031066
mutual_information,93,hsv_s_entropy,0.021534717993584973
mutual_information,94,lab_color_b_std,0.020978015505378034
mutual_information,95,hard_exudate_brightness_std,0.020958252927171017
mutual_information,96,lab_b_std,0.020917318162071874
mutual_information,97,hard_exudate_distance_to_optic_disc_mean,0.020888623845508825
mutual_information,98,hard_exudate_area,0.020727060534909025
mutual_information,99,neovascularization_likelihood_score,0.02051191822197751
mutual_information,100,all_lesion_circularity_mean,0.020480369530831766
mutual_information,101,local_texture_variance_std,0.02025694668795075
mutual_information,102,hemorrhage_count,0.0201315381784275
mutual_information,103,all_lesion_convex_hull_area_mean,0.02008226470994079
mutual_information,104,ma_to_exudate_ratio,0.019221950715789138
mutual_information,105,wavelet_horizontal_energy,0.019213587750632977
mutual_information,106,lbp_std,0.018878805077602312
mutual_information,107,hsv_s_mean,0.018275123235157675
mutual_information,108,hsv_v_entropy,0.017877707947481447
mutual_information,109,glcm_energy,0.017805541135280656
mutual_information,110,lab_color_l_min,0.01774460499626862
mutual_information,111,glcm_energy_45,0.01716852370669275
mutual_information,112,superior_lesion_density,0.017153452557680193
mutual_information,113,combined_lesion_burden,0.017073935507583737
mutual_information,114,hard_exudate_coverage_pct,0.01704200836047387
mutual_information,115,rgb_g_min,0.016998889913315995
mutual_information,116,exudate_density,0.016694069611505213
mutual_information,117,cotton_wool_count,0.016258701171633083
mutual_information,118,hard_exudate_texture_std,0.015486663999012329
mutual_information,119,hard_exudate_count,0.015455152981689091
mutual_information,120,hsv_v_mean,0.01542308753636723
mutual_information,121,vessel_curvature_std,0.015305945076445227
mutual_information,122,rgb_g_max,0.015134277097559545
mutual_information,123,temporal_vessel_density,0.01509292981848942
mutual_information,124,clinical_lesion_burden_score,0.01486231711354491
mutual_information,125,clinical_exudate_burden_score,0.014770866941579364
mutual_information,126,exudate_burden_score,0.014747126607662198
mutual_information,127,exudate_area,0.014554372248376302
mutual_information,128,lab_color_b_entropy,0.014519322783117294
mutual_information,129,lab_color_b_mean,0.014453385018929454
mutual_information,130,rgb_b_mean,0.014302601003880255
mutual_information,131,lab_b_mean,0.014251513893145162
mutual_information,132,lab_color_a_std,0.014152237073180585
mutual_information,133,stage_progression_score,0.014115212189847348
mutual_information,134,vessel_branchpoint_count,0.013808829903472875
mutual_information,135,rgb_r_entropy,0.013648368473168304
mutual_information,136,texture_kurtosis,0.013599436904040418
mutual_information,137,vessel_branching_count,0.013495713277160926
mutual_information,138,ma_count,0.013492724184529292
mutual_information,139,clinical_vessel_abnormality_score,0.01336631043719616
mutual_information,140,lab_color_l_max,0.01334015972177327
mutual_information,141,all_lesion_solidity_mean,0.013163404718353089
mutual_information,142,temporal_texture_std,0.011873165504245664
mutual_information,143,ma_distance_to_optic_disc_mean,0.011546366360760008
mutual_information,144,ma_distance_to_optic_disc_min,0.011241099081122252
mutual_information,145,ma_area,0.011111890820299397
mutual_information,146,all_lesion_perimeter_mean,0.010730367299834898
mutual_information,147,total_lesion_count,0.010650247888790654
mutual_information,148,quality_contrast,0.010565130068626472
mutual_information,149,rgb_g_std,0.010565130068626472
mutual_information,150,cotton_wool_distribution_entropy,0.010427145417875039
mutual_information,151,inferior_lesion_count,0.010421138586296674
mutual_information,152,advanced_dr_indicator_score,0.010167741927161966
mutual_information,153,hemorrhage_to_exudate_ratio,0.009805373482965729
mutual_information,154,rgb_g_mean,0.009721962429405595
mutual_information,155,quality_brightness,0.009721962429405595
mutual_information,156,lab_color_b_min,0.009632445999560035
mutual_information,157,vessel_curvature_max,0.00961869851221997
mutual_information,158,lab_color_b_max,0.009282266575964426
mutual_information,159,ma_max_area,0.009260138362373604
mutual_information,160,hard_exudate_distance_to_macula_mean,0.009215994109336378
mutual_information,161,soft_exudate_texture_mean,0.008952761661936037
mutual_information,162,hard_exudate_texture_mean,0.008941677954421134
mutual_information,163,hard_exudate_max_area,0.008699558167554855
mutual_information,164,rgb_b_min,0.008596878160824994
mutual_information,165,clinical_total_lesion_count,0.008204764687100186
mutual_information,166,rgb_r_mean,0.008111613427102426
mutual_information,167,soft_exudate_count,0.008069853695971574
mutual_information,168,ma_nasal_count,0.008053267049308532
mutual_information,169,inferior_lesion_density,0.008015168757052882
mutual_information,170,hsv_h_entropy,0.007829575708816483
mutual_information,171,ma_inferior_count,0.0074286200322957185
mutual_information,172,ma_density,0.007190926839182321
mutual_information,173,clinical_referable_pathology_score,0.006301059095856987
mutual_information,174,rgb_r_max,0.0061492973968855225
mutual_information,175,texture_lesion_interaction,0.005913951375044579
mutual_information,176,clinical_exudate_to_microaneurysm_ratio,0.005799841242296377
mutual_information,177,soft_exudate_brightness_mean,0.005752655850716604
mutual_information,178,rgb_b_entropy,0.005561011927297299
mutual_information,179,soft_exudate_max_area,0.005553386090436208
mutual_information,180,all_lesion_compactness_mean,0.005445479739894177
mutual_information,181,hsv_h_max,0.005323972380174347
mutual_information,182,hsv_h_min,0.00527578677149565
mutual_information,183,hsv_v_max,0.00527333631783522
mutual_information,184,rgb_g_entropy,0.004794858163756022
mutual_information,185,exudate_count,0.004581789657153612
mutual_information,186,lab_b_exudate_mean,0.004129096117593267
mutual_information,187,lesion_vessel_interaction,0.0038398454349202193
mutual_information,188,soft_exudate_distance_to_optic_disc_mean,0.003520907043049304
mutual_information,189,vessel_complexity_score,0.0034593649133745075
mutual_information,190,exudate_mean_area,0.003234115878002042
mutual_information,191,ma_superior_count,0.0032298599630853353
mutual_information,192,hsv_s_min,0.003085359911267016
mutual_information,193,lab_color_l_mean,0.002841261723877997
mutual_information,194,cotton_wool_mean_area,0.0023182882014884942
mutual_information,195,soft_exudate_texture_std,0.001394472448814188
mutual_information,196,cotton_wool_aspect_ratio_mean,0.0013530494547113747
mutual_information,197,nasal_lesion_count,0.0007708210911532287
mutual_information,198,ma_mean_area,0.0004983265887916755
mutual_information,199,hard_exudate_brightness_mean,0.00027981409903699017
mutual_information,200,cotton_wool_area,0.0
mutual_information,201,cotton_wool_solidity_mean,0.0
mutual_information,202,ma_temporal_count,0.0
mutual_information,203,hard_exudate_mean_area,0.0
mutual_information,204,soft_exudate_coverage_pct,0.0
mutual_information,205,soft_exudate_distance_to_macula_mean,0.0
mutual_information,206,soft_exudate_area,0.0
mutual_information,207,soft_exudate_mean_area,0.0
mutual_information,208,soft_exudate_brightness_std,0.0
mutual_information,209,hsv_s_max,0.0
mutual_information,210,cotton_wool_circularity_mean,0.0
mutual_information,211,all_lesion_aspect_ratio_mean,0.0
mutual_information,212,nasal_lesion_density,0.0
mutual_information,213,superior_lesion_count,0.0
random_forest,1,vessel_average_width,0.024673534960122822
random_forest,2,fft_mid_frequency_ratio,0.021591169709190058
random_forest,3,temporal_texture_mean,0.017923820058024245
random_forest,4,vessel_area_ratio,0.017429230992961953
random_forest,5,temporal_lesion_density,0.01738091461823439
random_forest,6,lbp_entropy,0.016885928740643267
random_forest,7,fft_low_frequency_ratio,0.0164780746675867
random_forest,8,lbp_uniform_ratio,0.015097336375467861
random_forest,9,inferior_texture_mean,0.012858044378323965
random_forest,10,vessel_density,0.012546211639788491
random_forest,11,texture_mean,0.012402063936086142
random_forest,12,wavelet_vertical_energy,0.012228110438034175
random_forest,13,quality_blur_score,0.012157602876075936
random_forest,14,fft_dominant_radius_std,0.011977015543780473
random_forest,15,vessel_endpoint_count,0.010846144508658222
random_forest,16,lab_color_a_max,0.010771838595302232
random_forest,17,all_lesion_eccentricity_mean,0.010549926911720141
random_forest,18,quality_snr,0.010232510714191638
random_forest,19,lab_b_exudate_std,0.010045590788930258
random_forest,20,all_lesion_circularity_mean,0.009706786455491159
random_forest,21,vessel_skeleton_length,0.00955486677827599
random_forest,22,nasal_vessel_density,0.008899554965416194
random_forest,23,vessel_length,0.008710995920003623
random_forest,24,lab_color_a_mean,0.008250302756612508
random_forest,25,hsv_s_std,0.007902775742442176
random_forest,26,hsv_h_mean,0.007901045138178606
random_forest,27,lab_color_b_std,0.007800454465413297
random_forest,28,hsv_s_entropy,0.007456099679325594
random_forest,29,rgb_b_std,0.007405435738340082
random_forest,30,superior_texture_mean,0.007331569472972237
random_forest,31,lab_b_std,0.0073299720185575415
random_forest,32,lbp_std,0.007263148696970375
random_forest,33,fft_dominant_radius_mean,0.007156764253649327
random_forest,34,hard_exudate_brightness_std,0.00705062817481729
random_forest,35,hsv_h_std,0.0068674649466589875
random_forest,36,lab_color_l_entropy,0.006536362443989443
random_forest,37,vessel_fragmentation_index,0.006348016556794453
random_forest,38,wavelet_detail_energy,0.006309509345257902
random_forest,39,rgb_b_mean,0.006299481572920035
random_forest,40,hemorrhage_density,0.006298678566738062
random_forest,41,texture_skewness,0.00613300299224681
random_forest,42,inferior_vessel_density,0.005995385482458266
random_forest,43,rgb_b_entropy,0.005976995954601092
random_forest,44,all_lesion_solidity_mean,0.005945388245268833
random_forest,45,wavelet_diagonal_energy,0.00581790276144103
random_forest,46,hemorrhage_retina_affected_pct,0.005809426321166059
random_forest,47,lab_b_mean,0.005764785733183007
random_forest,48,hsv_s_mean,0.0056962349654547636
random_forest,49,fft_high_frequency_ratio,0.0056720504862555554
random_forest,50,lab_color_b_entropy,0.00559378836052277
random_forest,51,hemorrhage_area,0.00559355486146876
random_forest,52,all_lesion_compactness_mean,0.005586328349158876
random_forest,53,glcm_contrast_90,0.0055566872486602645
random_forest,54,lbp_mean,0.005488454516433088
random_forest,55,lab_color_b_mean,0.005425459798216542
random_forest,56,clinical_hemorrhage_burden_score,0.005349092509620815
random_forest,57,vessel_tortuosity_mean,0.005324640152661332
random_forest,58,lab_color_a_std,0.005262801796448905
random_forest,59,quality_sharpness,0.005207206229251413
random_forest,60,lab_color_a_entropy,0.00520094509176563
random_forest,61,superior_vessel_density,0.0050883268297687596
random_forest,62,all_lesion_aspect_ratio_mean,0.00507710913518645
random_forest,63,vessel_abnormality_score,0.005067657529542618
random_forest,64,local_texture_variance_std,0.005065295668437602
random_forest,65,nasal_texture_mean,0.0050482212571022235
random_forest,66,wavelet_horizontal_energy,0.005018729573656462
random_forest,67,lab_color_b_max,0.00501444259211772
random_forest,68,glcm_correlation,0.004976247448920993
random_forest,69,lab_b_exudate_mean,0.00497310747159392
random_forest,70,rgb_g_entropy,0.004808458910924075
random_forest,71,glcm_dissimilarity,0.0047308495216933704
random_forest,72,lesion_density_score,0.004717359616479539
random_forest,73,rgb_r_entropy,0.004678346121556458
random_forest,74,rgb_b_max,0.004666188535755401
random_forest,75,rgb_r_std,0.0046266751612737845
random_forest,76,hsv_v_entropy,0.004584567883302308
random_forest,77,temporal_lesion_count,0.004543669909141089
random_forest,78,vessel_curvature_mean,0.00452378360604967
random_forest,79,hsv_v_mean,0.004410343232084798
random_forest,80,lab_color_l_std,0.004377999041991918
random_forest,81,glcm_contrast_135,0.004355381019356063
random_forest,82,hemorrhage_largest_area,0.00434128493115495
random_forest,83,clinical_hemorrhage_to_vessel_ratio,0.004282904805857427
random_forest,84,glcm_homogeneity,0.0042800463479133865
random_forest,85,hard_exudate_brightness_mean,0.004279386289459919
random_forest,86,lab_color_l_mean,0.004268984156741754
random_forest,87,hsv_h_entropy,0.004267950323091565
random_forest,88,local_texture_variance_mean,0.004266934752512726
random_forest,89,glcm_contrast_45,0.004256133588295602
random_forest,90,glcm_contrast,0.004252966121594137
random_forest,91,stage_progression_score,0.004215713413333775
random_forest,92,hsv_v_std,0.004189714712986594
random_forest,93,nasal_texture_std,0.004165334393791196
random_forest,94,lab_color_b_min,0.00416242205124989
random_forest,95,quality_adjusted_lesion_density,0.004156864422827018
random_forest,96,clinical_vessel_abnormality_score,0.004142882829509113
random_forest,97,quality_brightness,0.004139579663205598
random_forest,98,rgb_r_mean,0.004138890204791478
random_forest,99,wavelet_approx_energy,0.004106761160294238
random_forest,100,glcm_contrast_0,0.004073437193695419
random_forest,101,temporal_vessel_density,0.003950314726826684
random_forest,102,quality_contrast,0.003924602525126512
random_forest,103,fft_energy,0.003920694373454876
random_forest,104,all_lesion_area,0.003864831960767404
random_forest,105,hard_exudate_distance_to_optic_disc_mean,0.0038362526295044924
random_forest,106,lab_color_a_min,0.00380767604078495
random_forest,107,advanced_dr_indicator_score,0.0037929252718702498
random_forest,108,hemorrhage_mean_area,0.0037917814343673287
random_forest,109,rgb_g_mean,0.0037684515253011597
random_forest,110,temporal_texture_std,0.0037611804501227436
random_forest,111,vessel_tortuosity_std,0.0037590032827998104
random_forest,112,ma_distance_to_optic_disc_mean,0.0037195229120612215
random_forest,113,vessel_curvature_std,0.0037015772361490644
random_forest,114,lesion_vessel_interaction,0.0036493618119187053
random_forest,115,lab_color_l_max,0.003612290038104617
random_forest,116,texture_kurtosis,0.0036122456488682517
random_forest,117,vessel_tortuosity_max,0.0035391103357934523
random_forest,118,rgb_g_std,0.0035203672195202426
random_forest,119,nasal_lesion_density,0.003507140993262451
random_forest,120,ma_distance_to_optic_disc_min,0.0034915894017760823
random_forest,121,clinical_total_lesion_area,0.0034440577590794524
random_forest,122,clinical_lesion_burden_score,0.003420248140748446
random_forest,123,clinical_microaneurysm_density_score,0.003404249742024078
random_forest,124,superior_texture_std,0.0033984753739865997
random_forest,125,combined_lesion_burden,0.0033972176591274992
random_forest,126,superior_lesion_density,0.003393715066010709
random_forest,127,texture_lesion_interaction,0.00337658992634083
random_forest,128,referable_lesion_score,0.0033761790665151237
random_forest,129,inferior_texture_std,0.0033492576079409402
random_forest,130,glcm_energy_45,0.003345304053669606
random_forest,131,glcm_entropy,0.0033440490703620764
random_forest,132,glcm_energy_0,0.003340565081817391
random_forest,133,glcm_energy_135,0.003318220813330678
random_forest,134,clinical_referable_pathology_score,0.0033139124857513853
random_forest,135,texture_std,0.003272806514178231
random_forest,136,clinical_exudate_to_microaneurysm_ratio,0.0032494009358472607
random_forest,137,inferior_lesion_density,0.0032267393507946027
random_forest,138,rgb_g_max,0.003208334054949813
random_forest,139,area_adjusted_hemorrhage_count,0.0032034137371624253
random_forest,140,all_lesion_convex_hull_area_mean,0.003191993730620067
random_forest,141,area_adjusted_exudate_count,0.0031329877569387177
random_forest,142,glcm_energy_90,0.0031090030971782836
random_forest,143,vessel_complexity_score,0.003088526789681712
random_forest,144,hard_exudate_texture_std,0.0030746135349548624
random_forest,145,ma_to_exudate_ratio,0.0030651092827429843
random_forest,146,ma_density,0.003034420546755398
random_forest,147,hard_exudate_distance_to_macula_mean,0.003011255015114969
random_forest,148,glcm_energy,0.002992455195598325
random_forest,149,exudate_area,0.002980577949495631
random_forest,150,area_adjusted_ma_count,0.002964237966072719
random_forest,151,hard_exudate_mean_area,0.0029641405563434215
random_forest,152,all_lesion_perimeter_mean,0.002949093802834055
random_forest,153,texture_variance,0.002907081972029136
random_forest,154,exudate_mean_area,0.0028881933538253577
random_forest,155,hemorrhage_to_exudate_ratio,0.0028818957617474214
random_forest,156,exudate_density,0.0028732106615655347
random_forest,157,hard_exudate_texture_mean,0.002860683690438569
random_forest,158,clinical_total_lesion_count,0.0028237862592016315
random_forest,159,ma_area,0.0028138743140506163
random_forest,160,exudate_burden_score,0.0028019687316046113
random_forest,161,clinical_exudate_burden_score,0.0027406881380671057
random_forest,162,ma_mean_area,0.002714378779539709
random_forest,163,hard_exudate_coverage_pct,0.0026930505689842705
random_forest,164,neovascularization_likelihood_score,0.002644435698221847
random_forest,165,hard_exudate_area,0.002639930337873692
random_forest,166,hard_exudate_max_area,0.002544417173202661
random_forest,167,nasal_lesion_count,0.0025153687408018036
random_forest,168,ma_max_area,0.002456975973050298
random_forest,169,total_lesion_count,0.0024291832358874863
random_forest,170,ma_density_per_retinal_area,0.0024011765869365533
random_forest,171,hemorrhage_to_ma_ratio,0.002375630505993454
random_forest,172,hemorrhage_count,0.002329165288695567
random_forest,173,superior_lesion_count,0.002259892888882003
random_forest,174,hsv_v_min,0.0021759535768569815
random_forest,175,vessel_branchpoint_count,0.0021578917289532176
random_forest,176,vessel_branching_count,0.0021018147514173992
random_forest,177,inferior_lesion_count,0.002058987140642627
random_forest,178,ma_nasal_count,0.0020523027602608705
random_forest,179,exudate_count,0.001971538084028284
random_forest,180,hard_exudate_count,0.0019416012744905508
random_forest,181,hsv_h_max,0.0019220856443792056
random_forest,182,ma_count,0.0018517198010096691
random_forest,183,lab_color_l_min,0.0018284227198852262
random_forest,184,ma_inferior_count,0.0013969146667021269
random_forest,185,ma_superior_count,0.0013796884145673963
random_forest,186,ma_temporal_count,0.0013427567048833256
random_forest,187,rgb_r_min,0.0012846518061149232
random_forest,188,rgb_r_max,0.0011495315646520108
random_forest,189,hsv_v_max,0.0011469806478776696
random_forest,190,cotton_wool_aspect_ratio_mean,0.0010092614040505547
random_forest,191,cotton_wool_area,0.001002020031338583
random_forest,192,cotton_wool_mean_area,0.0009425282621487865
random_forest,193,cotton_wool_circularity_mean,0.0009422601678979187
random_forest,194,cotton_wool_solidity_mean,0.0009312811043415094
random_forest,195,cotton_wool_distribution_entropy,0.0008485363817040429
random_forest,196,cotton_wool_count,0.0008460076077174084
random_forest,197,vessel_curvature_max,0.0006706775714381605
random_forest,198,soft_exudate_distance_to_optic_disc_mean,0.000633080090138975
random_forest,199,soft_exudate_texture_mean,0.0006108453623816675
random_forest,200,soft_exudate_brightness_std,0.0005838592805398116
random_forest,201,soft_exudate_brightness_mean,0.0005726854626907252
random_forest,202,soft_exudate_distance_to_macula_mean,0.0005608691050410404
random_forest,203,soft_exudate_max_area,0.000543437343928872
random_forest,204,soft_exudate_texture_std,0.0005222380929300207
random_forest,205,soft_exudate_mean_area,0.0004585444112822674
random_forest,206,soft_exudate_area,0.0004425706652528604
random_forest,207,soft_exudate_coverage_pct,0.0003959771404813918
random_forest,208,rgb_g_min,0.0003819047644431519
random_forest,209,soft_exudate_count,0.000369084274260034
random_forest,210,rgb_b_min,0.000318493647060877
random_forest,211,hsv_s_min,0.0002570917565271037
random_forest,212,hsv_s_max,0.00012213046816978514
random_forest,213,hsv_h_min,8.646748092329449e-06
shap,1,fft_mid_frequency_ratio,0.01417319429032355
shap,2,vessel_average_width,0.011612751515523585
shap,3,lab_color_a_max,0.010566728020798648
shap,4,temporal_texture_mean,0.0095905475281717
shap,5,vessel_area_ratio,0.009488223114206499
shap,6,fft_low_frequency_ratio,0.009164257722163938
shap,7,vessel_density,0.007923546671814793
shap,8,lbp_entropy,0.007240550592219194
shap,9,inferior_texture_mean,0.007191114273076325
shap,10,texture_mean,0.007145512847596675
shap,11,lbp_uniform_ratio,0.0069847475512545484
shap,12,quality_snr,0.006651523178735195
shap,13,nasal_vessel_density,0.0066042313251985455
shap,14,all_lesion_circularity_mean,0.006516412107878442
shap,15,all_lesion_eccentricity_mean,0.006404705976463768
shap,16,lab_color_a_mean,0.006150449232806457
shap,17,fft_dominant_radius_std,0.0057400733520608285
shap,18,lab_b_std,0.005694033046542259
shap,19,lab_color_l_entropy,0.005602947816325163
shap,20,wavelet_vertical_energy,0.0055915645366944
shap,21,lab_b_exudate_std,0.005560863595660372
shap,22,vessel_skeleton_length,0.005554658226877551
shap,23,temporal_lesion_density,0.005387529015515083
shap,24,vessel_endpoint_count,0.005349630746510396
shap,25,lab_color_b_std,0.00531073038291079
shap,26,quality_blur_score,0.005287524260984984
shap,27,vessel_length,0.0047709611751887895
shap,28,superior_texture_mean,0.0047553053089573255
shap,29,hsv_s_entropy,0.004678613393121633
shap,30,lbp_std,0.00467092571892722
shap,31,hard_exudate_brightness_std,0.004532584267796213
shap,32,glcm_homogeneity,0.004378998206942316
shap,33,inferior_vessel_density,0.004359172919242087
shap,34,rgb_g_max,0.004224176245674562
shap,35,quality_sharpness,0.004171981465590436
shap,36,rgb_b_max,0.003998634855704333
shap,37,vessel_fragmentation_index,0.003950444094424592
shap,38,rgb_g_entropy,0.0039125459005699545
shap,39,temporal_lesion_count,0.003862147611033282
shap,40,hemorrhage_retina_affected_pct,0.003846180377852505
shap,41,hsv_s_std,0.0037912156779539912
shap,42,local_texture_variance_mean,0.0037058203951484676
shap,43,rgb_b_std,0.0035423423692415375
shap,44,hemorrhage_density,0.0034570506092801863
shap,45,nasal_texture_std,0.003435978537680929
shap,46,all_lesion_solidity_mean,0.0034210496013184362
shap,47,vessel_abnormality_score,0.003358252130883969
shap,48,nasal_texture_mean,0.0033140254220762437
shap,49,glcm_correlation,0.0032749867723271342
shap,50,wavelet_detail_energy,0.003223722595667593
shap,51,superior_vessel_density,0.0031063647021984746
shap,52,glcm_contrast_90,0.0030957663692736154
shap,53,vessel_curvature_max,0.0030882046257750964
shap,54,lab_color_a_entropy,0.0030583911095347976
shap,55,lab_color_l_max,0.0030497927540735115
shap,56,all_lesion_compactness_mean,0.002962075014300151
shap,57,clinical_hemorrhage_burden_score,0.002862899850536265
shap,58,fft_dominant_radius_mean,0.002837080981704576
shap,59,lab_color_b_max,0.0027995364445378237
shap,60,hsv_h_mean,0.0027749742319052124
shap,61,hsv_v_min,0.0027034510626133498
shap,62,glcm_entropy,0.002696105986646979
shap,63,rgb_r_entropy,0.002581401938363024
shap,64,hsv_s_mean,0.0025810827559094394
shap,65,local_texture_variance_std,0.0025668649180911286
shap,66,hard_exudate_distance_to_optic_disc_mean,0.002560924969720211
shap,67,hsv_v_entropy,0.0025459136994012057
shap,68,rgb_b_entropy,0.0025439250927058025
shap,69,lab_color_b_entropy,0.0025363103817131845
shap,70,lab_color_a_min,0.0024840937684808065
shap,71,texture_skewness,0.002467562785389411
shap,72,glcm_dissimilarity,0.00239408119600532
shap,73,hard_exudate_coverage_pct,0.0023887812698050515
shap,74,lbp_mean,0.002383122853545072
shap,75,hsv_v_std,0.0023157119879116815
shap,76,lab_color_l_std,0.0023044176828336937
shap,77,lab_color_b_mean,0.0022884736758776035
shap,78,glcm_contrast,0.0022562700241768774
shap,79,lab_b_exudate_mean,0.0022484059701700625
shap,80,vessel_tortuosity_mean,0.0022312773671802027
shap,81,glcm_contrast_135,0.002225345612944087
shap,82,wavelet_approx_energy,0.0021810544989278972
shap,83,temporal_vessel_density,0.0021764774404853405
shap,84,rgb_r_std,0.00217321396903708
shap,85,exudate_density,0.0021628571404391705
shap,86,lab_b_mean,0.002153251304513366
shap,87,fft_energy,0.002148032010087076
shap,88,hsv_h_std,0.0021470497276739973
shap,89,glcm_contrast_45,0.0021406936632924383
shap,90,hard_exudate_area,0.0021213144085476237
shap,91,lab_color_l_min,0.0020986511978888438
shap,92,quality_brightness,0.002064495911305035
shap,93,hsv_h_entropy,0.002050711903923964
shap,94,wavelet_diagonal_energy,0.0020277332540883717
shap,95,fft_high_frequency_ratio,0.002017167797588482
shap,96,hemorrhage_area,0.0020100360063577565
shap,97,texture_std,0.0019841154908046238
shap,98,rgb_b_mean,0.001970613722053568
shap,99,clinical_hemorrhage_to_vessel_ratio,0.0019496151838965553
shap,100,vessel_tortuosity_std,0.0019382114734261986
shap,101,rgb_g_mean,0.0019364559915776023
shap,102,ma_nasal_count,0.0019295810778660635
shap,103,vessel_tortuosity_max,0.0019110431404096358
shap,104,lesion_density_score,0.0018931981451397178
shap,105,glcm_energy_90,0.0018914201458499925
shap,106,clinical_exudate_burden_score,0.0018677486821928025
shap,107,hard_exudate_count,0.0018447196582321846
shap,108,hsv_v_mean,0.0018361717871380604
shap,109,lab_color_b_min,0.0018159189781510802
shap,110,superior_texture_std,0.001812181960649781
shap,111,clinical_vessel_abnormality_score,0.0018074261591044542
shap,112,quality_adjusted_lesion_density,0.0018072505652296659
shap,113,glcm_energy_135,0.0018057943771103292
shap,114,inferior_texture_std,0.0018032116050076717
shap,115,glcm_energy,0.0017948089130560003
shap,116,all_lesion_area,0.001787861118366421
shap,117,lab_color_a_std,0.0017631181410003604
shap,118,stage_progression_score,0.0017441210578877302
shap,119,superior_lesion_count,0.0017296743090538923
shap,120,glcm_contrast_0,0.0017137432192192183
shap,121,temporal_texture_std,0.0017039178347354757
shap,122,texture_variance,0.0016983871303991186
shap,123,hemorrhage_count,0.0016922204618770318
shap,124,area_adjusted_hemorrhage_count,0.001672153272703874
shap,125,rgb_r_min,0.0016566207860584372
shap,126,hard_exudate_brightness_mean,0.001651433693340832
shap,127,wavelet_horizontal_energy,0.001647482554906961
shap,128,rgb_g_std,0.0016438413795474029
shap,129,lab_color_l_mean,0.0016275263123718311
shap,130,exudate_count,0.0016247158975574263
shap,131,glcm_energy_45,0.0016186390097908026
shap,132,superior_lesion_density,0.0016141463171761104
shap,133,all_lesion_aspect_ratio_mean,0.0016109363711670419
shap,134,exudate_area,0.0015729065475176185
shap,135,quality_contrast,0.0015594704499189227
shap,136,rgb_r_mean,0.001557445743101444
shap,137,clinical_lesion_burden_score,0.0015560353847886871
shap,138,hemorrhage_largest_area,0.0015526667233210951
shap,139,vessel_curvature_mean,0.0015191015924570727
shap,140,glcm_energy_0,0.0015178610105334427
shap,141,nasal_lesion_count,0.0015059994504254802
shap,142,area_adjusted_exudate_count,0.0015009660667586217
shap,143,clinical_microaneurysm_density_score,0.0014490023225468562
shap,144,combined_lesion_burden,0.0014453358295301387
shap,145,clinical_total_lesion_count,0.001439155175612677
shap,146,advanced_dr_indicator_score,0.0013993734849233547
shap,147,hemorrhage_mean_area,0.0013542183031580355
shap,148,exudate_burden_score,0.0013441534175711535
shap,149,total_lesion_count,0.0013117928199975213
shap,150,hsv_v_max,0.0012872903435802367
shap,151,clinical_total_lesion_area,0.001282664330705144
shap,152,hard_exudate_texture_std,0.0012825954472760557
shap,153,clinical_referable_pathology_score,0.0012372266814394072
shap,154,ma_distance_to_optic_disc_mean,0.0012009311246033336
shap,155,rgb_r_max,0.0011744982621316698
shap,156,ma_count,0.0011532422447626
shap,157,texture_kurtosis,0.0011515321120750192
shap,158,ma_area,0.0011362573471385665
shap,159,ma_to_exudate_ratio,0.0011293054685899595
shap,160,ma_distance_to_optic_disc_min,0.001114868644256348
shap,161,vessel_curvature_std,0.0011103243601694676
shap,162,hard_exudate_max_area,0.0010186272688110923
shap,163,hard_exudate_texture_mean,0.0010076925933322582
shap,164,referable_lesion_score,0.0010047774920088843
shap,165,hsv_h_max,0.0010014482796102204
shap,166,vessel_complexity_score,0.0009905023016648791
shap,167,exudate_mean_area,0.0009839100254874654
shap,168,cotton_wool_solidity_mean,0.0009757367181990152
shap,169,hard_exudate_distance_to_macula_mean,0.0009714562229437665
shap,170,ma_temporal_count,0.0009404808975462795
shap,171,vessel_branchpoint_count,0.0009318024746302416
shap,172,ma_superior_count,0.0009317118168877569
shap,173,inferior_lesion_count,0.0009233588912357658
shap,174,area_adjusted_ma_count,0.0009166849509370941
shap,175,ma_inferior_count,0.0008974088881134887
shap,176,inferior_lesion_density,0.0008801530959365939
shap,177,ma_max_area,0.0008766580928471774
shap,178,hemorrhage_to_exudate_ratio,0.0008685051980260195
shap,179,hemorrhage_to_ma_ratio,0.0008672224322958595
shap,180,ma_density,0.0008599823462541104
shap,181,neovascularization_likelihood_score,0.0008581506243770302
shap,182,ma_density_per_retinal_area,0.0008383938002549808
shap,183,hard_exudate_mean_area,0.0008356672095521957
shap,184,vessel_branching_count,0.0008088229103629784
shap,185,nasal_lesion_density,0.0007978515116646106
shap,186,texture_lesion_interaction,0.0007915153259431564
shap,187,lesion_vessel_interaction,0.0007871507999171971
shap,188,all_lesion_convex_hull_area_mean,0.0007726074584404149
shap,189,rgb_g_min,0.0007714822416922271
shap,190,all_lesion_perimeter_mean,0.0007357598883095387
shap,191,cotton_wool_count,0.0007199824407484958
shap,192,cotton_wool_distribution_entropy,0.0007114162358396046
shap,193,ma_mean_area,0.0006854208440810104
shap,194,soft_exudate_brightness_mean,0.0006709064291448469
shap,195,cotton_wool_aspect_ratio_mean,0.0006495109259544265
shap,196,cotton_wool_circularity_mean,0.0006200877204441725
shap,197,clinical_exudate_to_microaneurysm_ratio,0.0005038872800725025
shap,198,rgb_b_min,0.00045342644411541745
shap,199,hsv_s_min,0.00045300400038427986
shap,200,cotton_wool_area,0.00044172832752203907
shap,201,cotton_wool_mean_area,0.0003725802737788791
shap,202,soft_exudate_distance_to_macula_mean,0.00029202133502596856
shap,203,soft_exudate_count,0.00027475429696902114
shap,204,soft_exudate_distance_to_optic_disc_mean,0.00025468155738218455
shap,205,soft_exudate_brightness_std,0.00022698858512571453
shap,206,soft_exudate_texture_std,0.00020581967308599402
shap,207,soft_exudate_coverage_pct,0.0001996041974661271
shap,208,soft_exudate_area,0.00017395701546935846
shap,209,soft_exudate_max_area,0.0001604222037435999
shap,210,hsv_s_max,0.00015806351405196466
shap,211,soft_exudate_texture_mean,0.00014471520521121918
shap,212,soft_exudate_mean_area,0.0001437575176990857
shap,213,hsv_h_min,8.423659589952998e-06
