sample_index,true_label,predicted_label,confidence_score,probability,probability_class_0,probability_class_1
7543,0,1,0.6649380403692647,0.3350619596307352,0.6649380403692647,0.3350619596307352
11906,1,0,0.8057941378770122,0.8057941378770122,0.8057941378770122,0.19420586212298796
6367,0,1,0.5543671679780167,0.5543671679780167,0.4456328320219833,0.5543671679780167
7103,0,1,0.581707173320027,0.581707173320027,0.418292826679973,0.581707173320027
14630,0,1,0.937805753095489,0.937805753095489,0.06219424690451102,0.937805753095489
11939,1,0,0.8069322566141947,0.8069322566141947,0.8069322566141947,0.19306774338580543
7000,0,1,0.7893153976547235,0.7893153976547235,0.21068460234527642,0.7893153976547235
3878,0,1,0.7974060700669677,0.20259392993303224,0.7974060700669677,0.20259392993303224
9523,0,1,0.7455895195707068,0.2544104804292932,0.7455895195707068,0.2544104804292932
8414,0,1,0.5351878882658735,0.5351878882658735,0.46481211173412645,0.5351878882658735
4918,0,1,0.5676527324294361,0.43234726757056385,0.5676527324294361,0.43234726757056385
1762,0,1,0.7765290214770942,0.22347097852290582,0.7765290214770942,0.22347097852290582
983,0,1,0.5969415147192031,0.40305848528079696,0.5969415147192031,0.40305848528079696
6590,0,1,0.7482766020015525,0.25172339799844745,0.7482766020015525,0.25172339799844745
9260,0,1,0.551727218219594,0.551727218219594,0.4482727817804061,0.551727218219594
12613,0,1,0.7583790587536084,0.24162094124639158,0.7583790587536084,0.24162094124639158
537,0,1,0.7495980279932296,0.25040197200677045,0.7495980279932296,0.25040197200677045
7566,0,1,0.6670831378860235,0.6670831378860235,0.33291686211397653,0.6670831378860235
14376,0,1,0.6307838248165922,0.3692161751834078,0.6307838248165922,0.3692161751834078
9355,0,1,0.7268623754103374,0.2731376245896627,0.7268623754103374,0.2731376245896627
7591,0,1,0.8339459828231793,0.8339459828231793,0.16605401717682078,0.8339459828231793
3888,0,1,0.7868493201560928,0.21315067984390723,0.7868493201560928,0.21315067984390723
9322,0,1,0.51646157434319,0.4835384256568101,0.51646157434319,0.4835384256568101
14712,0,1,0.9462381252672987,0.9462381252672987,0.053761874732701345,0.9462381252672987
7663,0,1,0.6901403555903464,0.6901403555903464,0.3098596444096537,0.6901403555903464
4263,0,1,0.7660405493091182,0.23395945069088184,0.7660405493091182,0.23395945069088184
5084,0,1,0.8860137952027415,0.8860137952027415,0.11398620479725848,0.8860137952027415
7310,0,1,0.7208962303938935,0.7208962303938935,0.27910376960610656,0.7208962303938935
7657,0,1,0.5863354688898257,0.5863354688898257,0.4136645311101743,0.5863354688898257
6321,0,1,0.670726509996461,0.670726509996461,0.32927349000353895,0.670726509996461
9454,0,1,0.6263203379551555,0.6263203379551555,0.37367966204484454,0.6263203379551555
14124,0,1,0.8135321844309901,0.8135321844309901,0.18646781556900982,0.8135321844309901
7160,0,1,0.6550796729605873,0.6550796729605873,0.34492032703941256,0.6550796729605873
9117,0,1,0.558188312406634,0.4418116875933661,0.558188312406634,0.4418116875933661
2912,1,0,0.800519091003099,0.800519091003099,0.800519091003099,0.19948090899690094
1985,0,1,0.9494480034454591,0.9494480034454591,0.05055199655454097,0.9494480034454591
3029,1,0,0.8445605540501888,0.8445605540501888,0.8445605540501888,0.15543944594981124
8535,0,1,0.6651007395530734,0.3348992604469267,0.6651007395530734,0.3348992604469267
13494,0,1,0.7981401306838309,0.2018598693161691,0.7981401306838309,0.2018598693161691
2899,1,0,0.926255028608661,0.926255028608661,0.926255028608661,0.07374497139133901
7912,0,1,0.8815533410876721,0.8815533410876721,0.11844665891232792,0.8815533410876721
7426,0,1,0.657364984566401,0.34263501543359903,0.657364984566401,0.34263501543359903
15268,0,1,0.5850500520285566,0.5850500520285566,0.4149499479714434,0.5850500520285566
10084,1,0,0.9812403493039711,0.9812403493039711,0.9812403493039711,0.01875965069602895
8540,0,1,0.6170048277676203,0.38299517223237967,0.6170048277676203,0.38299517223237967
6788,0,1,0.6843352556894513,0.31566474431054864,0.6843352556894513,0.31566474431054864
8036,0,1,0.5668370328793345,0.5668370328793345,0.43316296712066554,0.5668370328793345
4280,0,1,0.7707891473191949,0.2292108526808051,0.7707891473191949,0.2292108526808051
13009,0,1,0.6793070090492673,0.6793070090492673,0.3206929909507327,0.6793070090492673
10342,1,0,0.9057045224042091,0.9057045224042091,0.9057045224042091,0.09429547759579104
13004,0,1,0.670844773397376,0.32915522660262403,0.670844773397376,0.32915522660262403
8374,0,1,0.647473446223568,0.647473446223568,0.3525265537764321,0.647473446223568
6304,0,1,0.6141180245814111,0.6141180245814111,0.38588197541858904,0.6141180245814111
8853,0,1,0.6458961852624551,0.3541038147375449,0.6458961852624551,0.3541038147375449
7725,0,1,0.7103192976630686,0.7103192976630686,0.28968070233693144,0.7103192976630686
481,0,1,0.580552900957846,0.580552900957846,0.41944709904215416,0.580552900957846
8911,0,1,0.7482377078771287,0.25176229212287116,0.7482377078771287,0.25176229212287116
13682,0,1,0.8068838114623238,0.8068838114623238,0.19311618853767612,0.8068838114623238
7883,0,1,0.7752188709967008,0.7752188709967008,0.22478112900329916,0.7752188709967008
15569,0,1,0.6934476406583565,0.6934476406583565,0.3065523593416435,0.6934476406583565
6835,0,1,0.6778700531532534,0.32212994684674656,0.6778700531532534,0.32212994684674656
6314,0,1,0.7811776503639626,0.21882234963603744,0.7811776503639626,0.21882234963603744
6244,0,1,0.7720258530944604,0.7720258530944604,0.22797414690553966,0.7720258530944604
4801,0,1,0.7099186092154219,0.7099186092154219,0.2900813907845782,0.7099186092154219
4990,0,1,0.6303340870929577,0.36966591290704237,0.6303340870929577,0.36966591290704237
6904,0,1,0.7069635961389482,0.29303640386105184,0.7069635961389482,0.29303640386105184
7306,0,1,0.6218747284630083,0.37812527153699166,0.6218747284630083,0.37812527153699166
2435,1,0,0.9632968904699893,0.9632968904699893,0.9632968904699893,0.03670310953001069
6290,0,1,0.7349058765313424,0.7349058765313424,0.2650941234686576,0.7349058765313424
6555,0,1,0.704785368875963,0.29521463112403706,0.704785368875963,0.29521463112403706
466,0,1,0.5568926655344486,0.4431073344655514,0.5568926655344486,0.4431073344655514
15230,0,1,0.6651293353739484,0.6651293353739484,0.3348706646260516,0.6651293353739484
14878,1,0,0.8112726548006329,0.8112726548006329,0.8112726548006329,0.18872734519936712
7898,0,1,0.5292413637998985,0.5292413637998985,0.47075863620010155,0.5292413637998985
7740,0,1,0.6122325628947674,0.6122325628947674,0.3877674371052327,0.6122325628947674
9590,0,1,0.8299539952646868,0.8299539952646868,0.1700460047353132,0.8299539952646868
154,0,1,0.5346018577005659,0.4653981422994341,0.5346018577005659,0.4653981422994341
9479,0,1,0.6681065170031464,0.6681065170031464,0.33189348299685373,0.6681065170031464
14908,0,1,0.7890701276496601,0.7890701276496601,0.21092987235033997,0.7890701276496601
6989,0,1,0.6247868554932459,0.37521314450675414,0.6247868554932459,0.37521314450675414
9358,0,1,0.5118876239428086,0.5118876239428086,0.4881123760571914,0.5118876239428086
8527,0,1,0.7773371392068714,0.22266286079312864,0.7773371392068714,0.22266286079312864
6229,0,1,0.7304516536767705,0.26954834632322955,0.7304516536767705,0.26954834632322955
9481,0,1,0.7294837910075948,0.2705162089924052,0.7294837910075948,0.2705162089924052
14679,0,1,0.5927587885522605,0.40724121144773945,0.5927587885522605,0.40724121144773945
4783,0,1,0.9373411055249353,0.9373411055249353,0.06265889447506473,0.9373411055249353
1435,0,1,0.6650446588207519,0.334955341179248,0.6650446588207519,0.334955341179248
9377,0,1,0.980873825507797,0.980873825507797,0.019126174492202885,0.980873825507797
7273,0,1,0.59825136141589,0.59825136141589,0.4017486385841101,0.59825136141589
956,0,1,0.7708909106032583,0.22910908939674154,0.7708909106032583,0.22910908939674154
7649,0,1,0.8294529446401478,0.8294529446401478,0.17054705535985223,0.8294529446401478
7383,0,1,0.6065392537464868,0.3934607462535133,0.6065392537464868,0.3934607462535133
4798,0,1,0.6313362566469433,0.3686637433530568,0.6313362566469433,0.3686637433530568
7778,0,1,0.7254477829531617,0.7254477829531617,0.27455221704683835,0.7254477829531617
1852,0,1,0.8788659902711922,0.8788659902711922,0.1211340097288079,0.8788659902711922
7412,0,1,0.5,0.5,0.5,0.5
13954,0,1,0.7987468872632105,0.7987468872632105,0.20125311273678934,0.7987468872632105
1040,0,1,0.7607039882222787,0.23929601177772128,0.7607039882222787,0.23929601177772128
3244,1,0,0.9695876765555808,0.9695876765555808,0.9695876765555808,0.030412323444419288
10,0,1,0.6048886947268607,0.39511130527313937,0.6048886947268607,0.39511130527313937
8731,0,1,0.5,0.5,0.5,0.5
15441,0,1,0.7629017903762082,0.7629017903762082,0.23709820962379188,0.7629017903762082
7964,0,1,0.5537421754172753,0.5537421754172753,0.4462578245827247,0.5537421754172753
7865,0,1,0.7452807121614172,0.2547192878385827,0.7452807121614172,0.2547192878385827
7032,0,1,0.5510939021902161,0.4489060978097839,0.5510939021902161,0.4489060978097839
989,0,1,0.6927408416201418,0.6927408416201418,0.3072591583798582,0.6927408416201418
7620,0,1,0.6676017313928226,0.33239826860717736,0.6676017313928226,0.33239826860717736
7938,0,1,0.7068372329201655,0.29316276707983446,0.7068372329201655,0.29316276707983446
9011,0,1,0.7801406654781445,0.21985933452185555,0.7801406654781445,0.21985933452185555
4017,0,1,0.8312442791732869,0.8312442791732869,0.168755720826713,0.8312442791732869
5231,1,0,0.8774122955231123,0.8774122955231123,0.8774122955231123,0.12258770447688777
8517,0,1,0.6392303434308313,0.36076965656916865,0.6392303434308313,0.36076965656916865
7096,0,1,0.6007937190555951,0.6007937190555951,0.3992062809444049,0.6007937190555951
12915,0,1,0.7633659400428315,0.23663405995716855,0.7633659400428315,0.23663405995716855
8436,0,1,0.7980100237907874,0.2019899762092126,0.7980100237907874,0.2019899762092126
15933,0,1,0.8884471871648445,0.8884471871648445,0.11155281283515553,0.8884471871648445
9648,1,0,0.8551264036016599,0.8551264036016599,0.8551264036016599,0.14487359639834013
3341,1,0,0.9430672254162551,0.9430672254162551,0.9430672254162551,0.0569327745837449
302,0,1,0.6988587508688524,0.30114124913114754,0.6988587508688524,0.30114124913114754
7745,0,1,0.9095429477358759,0.9095429477358759,0.09045705226412416,0.9095429477358759
6344,0,1,0.5262510208547502,0.5262510208547502,0.4737489791452499,0.5262510208547502
7007,0,1,0.6355352771439999,0.3644647228560001,0.6355352771439999,0.3644647228560001
8017,0,1,0.5999638193011378,0.5999638193011378,0.40003618069886226,0.5999638193011378
7338,0,1,0.6093199879698968,0.3906800120301032,0.6093199879698968,0.3906800120301032
7079,0,1,0.5229907078035215,0.4770092921964784,0.5229907078035215,0.4770092921964784
2844,1,0,0.9182717696686573,0.9182717696686573,0.9182717696686573,0.08172823033134273
7125,0,1,0.5518417517476536,0.44815824825234646,0.5518417517476536,0.44815824825234646
6457,0,1,0.7942259611061567,0.20577403889384333,0.7942259611061567,0.20577403889384333
7986,0,1,0.5223127428042302,0.5223127428042302,0.4776872571957698,0.5223127428042302
8668,0,1,0.8353230633137971,0.8353230633137971,0.16467693668620298,0.8353230633137971
7645,0,1,0.5874565214856706,0.5874565214856706,0.41254347851432943,0.5874565214856706
2421,1,0,0.9838969694160243,0.9838969694160243,0.9838969694160243,0.016103030583975653
15426,0,1,0.7867862080042153,0.21321379199578475,0.7867862080042153,0.21321379199578475
6233,0,1,0.6350182283685875,0.6350182283685875,0.3649817716314126,0.6350182283685875
8802,0,1,0.5520609249787796,0.4479390750212204,0.5520609249787796,0.4479390750212204
8433,0,1,0.7986939396042076,0.2013060603957924,0.7986939396042076,0.2013060603957924
6234,0,1,0.6281809386080691,0.371819061391931,0.6281809386080691,0.371819061391931
885,0,1,0.658809734209001,0.341190265790999,0.658809734209001,0.341190265790999
14748,0,1,0.7554750100542921,0.24452498994570798,0.7554750100542921,0.24452498994570798
7647,0,1,0.610842676498286,0.610842676498286,0.3891573235017139,0.610842676498286
2924,1,0,0.9448363838033936,0.9448363838033936,0.9448363838033936,0.055163616196606466
2927,1,0,0.8276644683098437,0.8276644683098437,0.8276644683098437,0.1723355316901562
126,0,1,0.6072261756802555,0.6072261756802555,0.39277382431974456,0.6072261756802555
4504,0,1,0.7243720797086165,0.7243720797086165,0.2756279202913835,0.7243720797086165
4971,0,1,0.6762720062064693,0.6762720062064693,0.32372799379353073,0.6762720062064693
12843,0,1,0.7749031663870569,0.7749031663870569,0.22509683361294316,0.7749031663870569
9581,0,1,0.5237762744333413,0.47622372556665876,0.5237762744333413,0.47622372556665876
3196,1,0,0.942734385531998,0.942734385531998,0.942734385531998,0.05726561446800207
3055,1,0,0.9627366362966429,0.9627366362966429,0.9627366362966429,0.037263363703357234
7046,0,1,0.7262233237213889,0.2737766762786111,0.7262233237213889,0.2737766762786111
6320,0,1,0.570015658206855,0.570015658206855,0.429984341793145,0.570015658206855
14303,0,1,0.5521610705693469,0.5521610705693469,0.4478389294306531,0.5521610705693469
1591,0,1,0.6536526376215347,0.6536526376215347,0.3463473623784653,0.6536526376215347
15395,0,1,0.9049512263257478,0.9049512263257478,0.09504877367425224,0.9049512263257478
7619,0,1,0.589615581522904,0.41038441847709595,0.589615581522904,0.41038441847709595
7222,0,1,0.7326370197227746,0.7326370197227746,0.2673629802772254,0.7326370197227746
5053,0,1,0.6055954141258223,0.6055954141258223,0.39440458587417765,0.6055954141258223
7814,0,1,0.8315486941867993,0.8315486941867993,0.16845130581320075,0.8315486941867993
2823,1,0,0.9059617871290475,0.9059617871290475,0.9059617871290475,0.09403821287095249
6300,0,1,0.6470862419999273,0.6470862419999273,0.35291375800007274,0.6470862419999273
8070,0,1,0.7315750413021437,0.7315750413021437,0.2684249586978564,0.7315750413021437
2808,1,0,0.9162774275760952,0.9162774275760952,0.9162774275760952,0.08372257242390477
13320,0,1,0.793188053781717,0.206811946218283,0.793188053781717,0.206811946218283
7640,0,1,0.6087768491319959,0.6087768491319959,0.391223150868004,0.6087768491319959
13457,0,1,0.6033707868929433,0.6033707868929433,0.39662921310705673,0.6033707868929433
8556,0,1,0.5081752368189575,0.5081752368189575,0.49182476318104246,0.5081752368189575
13349,0,1,0.7701331954426647,0.7701331954426647,0.22986680455733535,0.7701331954426647
12507,0,1,0.9014929259979991,0.9014929259979991,0.09850707400200083,0.9014929259979991
9130,0,1,0.5868608044175898,0.4131391955824102,0.5868608044175898,0.4131391955824102
8768,0,1,0.845896353406876,0.845896353406876,0.15410364659312392,0.845896353406876
7857,0,1,0.6415867363699748,0.6415867363699748,0.35841326363002524,0.6415867363699748
8458,0,1,0.7411168347869685,0.25888316521303145,0.7411168347869685,0.25888316521303145
9371,0,1,0.9182125494859099,0.9182125494859099,0.0817874505140902,0.9182125494859099
4144,0,1,0.5656698472366938,0.4343301527633063,0.5656698472366938,0.4343301527633063
4335,0,1,0.5057727396021655,0.49422726039783443,0.5057727396021655,0.49422726039783443
8002,0,1,0.6048660130893138,0.6048660130893138,0.39513398691068635,0.6048660130893138
7020,0,1,0.6046981697179191,0.39530183028208093,0.6046981697179191,0.39530183028208093
7279,0,1,0.6001967094305615,0.3998032905694386,0.6001967094305615,0.3998032905694386
6690,0,1,0.5190701727032265,0.5190701727032265,0.4809298272967734,0.5190701727032265
7819,0,1,0.5,0.5,0.5,0.5
137,0,1,0.5693969492061506,0.43060305079384936,0.5693969492061506,0.43060305079384936
4421,0,1,0.7696514981808145,0.23034850181918565,0.7696514981808145,0.23034850181918565
9428,0,1,0.9218385872910113,0.9218385872910113,0.07816141270898866,0.9218385872910113
9201,0,1,0.5266407658729653,0.47335923412703484,0.5266407658729653,0.47335923412703484
3351,1,0,0.9563332272415365,0.9563332272415365,0.9563332272415365,0.04366677275846363
13195,0,1,0.8765502295352144,0.8765502295352144,0.12344977046478556,0.8765502295352144
7227,0,1,0.7421173219052936,0.2578826780947065,0.7421173219052936,0.2578826780947065
14201,0,1,0.6781895240203489,0.6781895240203489,0.3218104759796512,0.6781895240203489
5017,0,1,0.7426320298331426,0.7426320298331426,0.2573679701668574,0.7426320298331426
12715,0,1,0.6614572731222672,0.33854272687773285,0.6614572731222672,0.33854272687773285
6235,0,1,0.5824349094332801,0.4175650905667198,0.5824349094332801,0.4175650905667198
13376,0,1,0.7507482380962585,0.2492517619037416,0.7507482380962585,0.2492517619037416
6309,0,1,0.7738163499776154,0.7738163499776154,0.22618365002238472,0.7738163499776154
4243,0,1,0.5642853965171616,0.43571460348283847,0.5642853965171616,0.43571460348283847
8803,0,1,0.8445388737760834,0.8445388737760834,0.15546112622391664,0.8445388737760834
7936,0,1,0.8747454360534804,0.8747454360534804,0.1252545639465196,0.8747454360534804
11032,1,0,0.8023429370209405,0.8023429370209405,0.8023429370209405,0.19765706297905955
8022,0,1,0.8018834964697246,0.8018834964697246,0.19811650353027546,0.8018834964697246
7013,0,1,0.7021955975049176,0.2978044024950825,0.7021955975049176,0.2978044024950825
5528,1,0,0.8575983858335372,0.8575983858335372,0.8575983858335372,0.1424016141664629
6335,0,1,0.7353087448818518,0.2646912551181482,0.7353087448818518,0.2646912551181482
3739,0,1,0.7995598730650708,0.20044012693492916,0.7995598730650708,0.20044012693492916
5046,0,1,0.5692862165433034,0.5692862165433034,0.4307137834566967,0.5692862165433034
13013,0,1,0.726493808616017,0.273506191383983,0.726493808616017,0.273506191383983
1959,0,1,0.5855130889128468,0.5855130889128468,0.4144869110871532,0.5855130889128468
7361,0,1,0.5754902576520534,0.5754902576520534,0.42450974234794664,0.5754902576520534
1619,0,1,0.6813050850884124,0.31869491491158763,0.6813050850884124,0.31869491491158763
15124,1,0,0.9264892185103717,0.9264892185103717,0.9264892185103717,0.07351078148962831
15688,0,1,0.7310593473381503,0.7310593473381503,0.26894065266184963,0.7310593473381503
6250,0,1,0.5764477885848318,0.42355221141516813,0.5764477885848318,0.42355221141516813
4204,0,1,0.5833004577631686,0.4166995422368314,0.5833004577631686,0.4166995422368314
9491,0,1,0.9047612545700071,0.9047612545700071,0.09523874542999292,0.9047612545700071
7247,0,1,0.5,0.5,0.5,0.5
7949,0,1,0.8448426077052983,0.8448426077052983,0.15515739229470166,0.8448426077052983
329,0,1,0.5832713478423537,0.41672865215764626,0.5832713478423537,0.41672865215764626
3197,1,0,0.8521889961659888,0.8521889961659888,0.8521889961659888,0.14781100383401136
7039,0,1,0.7517665235290634,0.24823347647093663,0.7517665235290634,0.24823347647093663
5019,0,1,0.8489518022249984,0.8489518022249984,0.15104819777500156,0.8489518022249984
2026,0,1,0.6450707332466575,0.35492926675334247,0.6450707332466575,0.35492926675334247
7159,0,1,0.7537502348443444,0.2462497651556555,0.7537502348443444,0.2462497651556555
7056,0,1,0.6861313643549362,0.31386863564506395,0.6861313643549362,0.31386863564506395
9973,1,0,0.9403148714938147,0.9403148714938147,0.9403148714938147,0.05968512850618544
7621,0,1,0.8589176211662488,0.8589176211662488,0.14108237883375116,0.8589176211662488
4181,0,1,0.5561152416455452,0.44388475835445496,0.5561152416455452,0.44388475835445496
2571,1,0,0.8817939674670043,0.8817939674670043,0.8817939674670043,0.11820603253299578
14711,0,1,0.7945041881555884,0.2054958118444116,0.7945041881555884,0.2054958118444116
2867,1,0,0.8229861994276838,0.8229861994276838,0.8229861994276838,0.1770138005723162
9426,0,1,0.7329696707199891,0.7329696707199891,0.2670303292800109,0.7329696707199891
4487,0,1,0.5140790631124204,0.5140790631124204,0.4859209368875796,0.5140790631124204
9354,0,1,0.8812613657206286,0.8812613657206286,0.11873863427937141,0.8812613657206286
7861,0,1,0.8542501230142757,0.8542501230142757,0.14574987698572428,0.8542501230142757
7236,0,1,0.5,0.5,0.5,0.5
793,0,1,0.7741097871237289,0.2258902128762711,0.7741097871237289,0.2258902128762711
9946,1,0,0.9117781697854308,0.9117781697854308,0.9117781697854308,0.08822183021456909
8761,0,1,0.6546904845760804,0.3453095154239197,0.6546904845760804,0.3453095154239197
13065,0,1,0.6248174849707665,0.37518251502923344,0.6248174849707665,0.37518251502923344
2655,1,0,0.865966277546793,0.865966277546793,0.865966277546793,0.13403372245320708
7899,0,1,0.9303789683662219,0.9303789683662219,0.0696210316337781,0.9303789683662219
8755,0,1,0.630200140757578,0.369799859242422,0.630200140757578,0.369799859242422
13709,0,1,0.6932750641571991,0.6932750641571991,0.3067249358428009,0.6932750641571991
7311,0,1,0.6977284532122361,0.6977284532122361,0.30227154678776386,0.6977284532122361
11677,1,0,0.8902240790686945,0.8902240790686945,0.8902240790686945,0.10977592093130556
9879,1,0,0.8508794438310522,0.8508794438310522,0.8508794438310522,0.1491205561689478
13512,0,1,0.6430480964785092,0.3569519035214907,0.6430480964785092,0.3569519035214907
7929,0,1,0.5161568655499532,0.5161568655499532,0.4838431344500468,0.5161568655499532
7681,0,1,0.6811163579827298,0.31888364201727015,0.6811163579827298,0.31888364201727015
6632,0,1,0.8028637542201736,0.8028637542201736,0.19713624577982644,0.8028637542201736
8849,0,1,0.5616419635375242,0.5616419635375242,0.43835803646247595,0.5616419635375242
441,0,1,0.51003690430803,0.51003690430803,0.4899630956919701,0.51003690430803
7918,0,1,0.6055078192242911,0.6055078192242911,0.39449218077570886,0.6055078192242911
3895,0,1,0.7695373490010382,0.2304626509989619,0.7695373490010382,0.2304626509989619
9360,0,1,0.554840542427384,0.554840542427384,0.4451594575726161,0.554840542427384
886,0,1,0.7423032718892331,0.257696728110767,0.7423032718892331,0.257696728110767
7787,0,1,0.6279806313453555,0.6279806313453555,0.3720193686546445,0.6279806313453555
7903,0,1,0.5951329989388814,0.5951329989388814,0.4048670010611187,0.5951329989388814
12657,0,1,0.7539520278390818,0.7539520278390818,0.2460479721609183,0.7539520278390818
14485,0,1,0.8998362986331289,0.8998362986331289,0.1001637013668711,0.8998362986331289
7687,0,1,0.553551747137876,0.4464482528621241,0.553551747137876,0.4464482528621241
8509,0,1,0.6367079849841151,0.6367079849841151,0.36329201501588493,0.6367079849841151
7497,0,1,0.7329511336549743,0.7329511336549743,0.26704886634502556,0.7329511336549743
12521,0,1,0.775183467623072,0.775183467623072,0.224816532376928,0.775183467623072
9511,0,1,0.8948905500740808,0.8948905500740808,0.10510944992591925,0.8948905500740808
5025,0,1,0.5124578057915797,0.5124578057915797,0.48754219420842027,0.5124578057915797
6386,0,1,0.7132306454360444,0.2867693545639556,0.7132306454360444,0.2867693545639556
5077,0,1,0.8917090637153471,0.8917090637153471,0.108290936284653,0.8917090637153471
13321,0,1,0.6389166958296724,0.6389166958296724,0.3610833041703277,0.6389166958296724
2595,1,0,0.8222799988494676,0.8222799988494676,0.8222799988494676,0.17772000115053246
6324,0,1,0.6693872059788117,0.33061279402118826,0.6693872059788117,0.33061279402118826
15321,0,1,0.5732938603792379,0.5732938603792379,0.4267061396207621,0.5732938603792379
15059,0,1,0.9424136898811917,0.9424136898811917,0.05758631011880833,0.9424136898811917
7599,0,1,0.5709005731924973,0.5709005731924973,0.42909942680750274,0.5709005731924973
1865,0,1,0.9367267326135116,0.9367267326135116,0.06327326738648847,0.9367267326135116
2690,1,0,0.9047485087958795,0.9047485087958795,0.9047485087958795,0.09525149120412049
4846,0,1,0.6493531352085462,0.6493531352085462,0.3506468647914538,0.6493531352085462
1291,0,1,0.7930751712479563,0.20692482875204354,0.7930751712479563,0.20692482875204354
4139,0,1,0.7170248801060787,0.2829751198939213,0.7170248801060787,0.2829751198939213
8789,0,1,0.6060969782760116,0.3939030217239884,0.6060969782760116,0.3939030217239884
7956,0,1,0.6783133093727525,0.6783133093727525,0.32168669062724764,0.6783133093727525
7701,0,1,0.5550568830193371,0.444943116980663,0.5550568830193371,0.444943116980663
7866,0,1,0.7719549345640685,0.7719549345640685,0.22804506543593148,0.7719549345640685
13854,0,1,0.7905504462500086,0.20944955374999152,0.7905504462500086,0.20944955374999152
14565,0,1,0.5244679456181331,0.5244679456181331,0.47553205438186696,0.5244679456181331
7870,0,1,0.8830044009352566,0.8830044009352566,0.11699559906474338,0.8830044009352566
13825,1,0,0.8238244098040947,0.8238244098040947,0.8238244098040947,0.17617559019590542
8625,0,1,0.796568984966622,0.20343101503337804,0.796568984966622,0.20343101503337804
7782,0,1,0.7367581542587208,0.26324184574127923,0.7367581542587208,0.26324184574127923
7091,0,1,0.5804703376502421,0.4195296623497578,0.5804703376502421,0.4195296623497578
8573,0,1,0.6983299978236501,0.6983299978236501,0.3016700021763499,0.6983299978236501
8763,0,1,0.5598521069608411,0.44014789303915886,0.5598521069608411,0.44014789303915886
7930,0,1,0.5610191918439913,0.5610191918439913,0.4389808081560088,0.5610191918439913
3159,1,0,0.8810168573834518,0.8810168573834518,0.8810168573834518,0.11898314261654827
5066,0,1,0.7110078187138525,0.2889921812861475,0.7110078187138525,0.2889921812861475
7655,0,1,0.7358759141004355,0.7358759141004355,0.2641240858995646,0.7358759141004355
13614,0,1,0.6617430668418257,0.6617430668418257,0.3382569331581744,0.6617430668418257
13619,0,1,0.6277064263357752,0.3722935736642247,0.6277064263357752,0.3722935736642247
8733,0,1,0.759767533319774,0.24023246668022602,0.759767533319774,0.24023246668022602
2616,1,0,0.930085772270224,0.930085772270224,0.930085772270224,0.06991422772977596
13423,0,1,0.6417278600144858,0.35827213998551427,0.6417278600144858,0.35827213998551427
7450,0,1,0.8780791911528908,0.8780791911528908,0.12192080884710908,0.8780791911528908
8729,0,1,0.5492365752597045,0.45076342474029546,0.5492365752597045,0.45076342474029546
9528,0,1,0.9633488472911711,0.9633488472911711,0.036651152708828884,0.9633488472911711
9536,0,1,0.5715957943383266,0.5715957943383266,0.4284042056616734,0.5715957943383266
9801,1,0,0.807985636333205,0.807985636333205,0.807985636333205,0.19201436366679508
7202,0,1,0.7995435386448126,0.7995435386448126,0.2004564613551874,0.7995435386448126
980,0,1,0.6471146912821784,0.6471146912821784,0.3528853087178216,0.6471146912821784
6254,0,1,0.5772619254690224,0.42273807453097767,0.5772619254690224,0.42273807453097767
9508,0,1,0.6369138581390034,0.36308614186099675,0.6369138581390034,0.36308614186099675
2585,1,0,0.9384854361499811,0.9384854361499811,0.9384854361499811,0.06151456385001895
7877,0,1,0.7770495108034056,0.22295048919659446,0.7770495108034056,0.22295048919659446
9430,0,1,0.5863958670593825,0.5863958670593825,0.41360413294061754,0.5863958670593825
12677,0,1,0.8103261978181743,0.8103261978181743,0.18967380218182572,0.8103261978181743
11009,1,0,0.8406993895496578,0.8406993895496578,0.8406993895496578,0.15930061045034216
8343,0,1,0.5531938651847441,0.44680613481525583,0.5531938651847441,0.44680613481525583
14629,0,1,0.5577121835569546,0.5577121835569546,0.4422878164430455,0.5577121835569546
7975,0,1,0.6789047011240357,0.6789047011240357,0.32109529887596433,0.6789047011240357
14034,0,1,0.8870171923533758,0.8870171923533758,0.11298280764662404,0.8870171923533758
2000,0,1,0.5277776761282809,0.5277776761282809,0.47222232387171925,0.5277776761282809
4762,0,1,0.6904501671633146,0.30954983283668536,0.6904501671633146,0.30954983283668536
46,0,1,0.5128983043008497,0.5128983043008497,0.4871016956991504,0.5128983043008497
2818,1,0,0.8753667591195801,0.8753667591195801,0.8753667591195801,0.12463324088041998
13471,0,1,0.5987964446533705,0.40120355534662955,0.5987964446533705,0.40120355534662955
7313,0,1,0.7607868323525604,0.23921316764743958,0.7607868323525604,0.23921316764743958
13157,0,1,0.6387454381836499,0.3612545618163501,0.6387454381836499,0.3612545618163501
8962,0,1,0.6886617166810636,0.6886617166810636,0.3113382833189365,0.6886617166810636
9399,0,1,0.7129042698195429,0.7129042698195429,0.28709573018045714,0.7129042698195429
7274,0,1,0.5068075767920204,0.49319242320797974,0.5068075767920204,0.49319242320797974
10007,1,0,0.9382735583002794,0.9382735583002794,0.9382735583002794,0.0617264416997207
7636,0,1,0.7228088878230895,0.27719111217691056,0.7228088878230895,0.27719111217691056
8615,0,1,0.7360031891318372,0.7360031891318372,0.2639968108681628,0.7360031891318372
8263,0,1,0.6886881785808572,0.31131182141914293,0.6886881785808572,0.31131182141914293
8282,0,1,0.7518668404203493,0.2481331595796507,0.7518668404203493,0.2481331595796507
9591,0,1,0.8080039030235169,0.8080039030235169,0.1919960969764831,0.8080039030235169
8107,0,1,0.5378439247495158,0.4621560752504842,0.5378439247495158,0.4621560752504842
6847,0,1,0.781401822968264,0.21859817703173604,0.781401822968264,0.21859817703173604
10027,1,0,0.9003831940447601,0.9003831940447601,0.9003831940447601,0.09961680595523989
6515,0,1,0.6549826263548872,0.3450173736451127,0.6549826263548872,0.3450173736451127
1250,0,1,0.58592499993111,0.4140750000688899,0.58592499993111,0.4140750000688899
1843,0,1,0.762246253171522,0.762246253171522,0.23775374682847794,0.762246253171522
4984,0,1,0.5502691014668164,0.44973089853318365,0.5502691014668164,0.44973089853318365
9927,1,0,0.9293545652925396,0.9293545652925396,0.9293545652925396,0.07064543470746053
1955,0,1,0.5723083617816499,0.5723083617816499,0.42769163821835016,0.5723083617816499
6739,0,1,0.7613244163322201,0.23867558366777994,0.7613244163322201,0.23867558366777994
12633,0,1,0.7098195329954636,0.7098195329954636,0.2901804670045363,0.7098195329954636
1007,0,1,0.6993464502994825,0.3006535497005175,0.6993464502994825,0.3006535497005175
8063,0,1,0.9034747319987275,0.9034747319987275,0.09652526800127244,0.9034747319987275
7011,0,1,0.638762427627043,0.36123757237295706,0.638762427627043,0.36123757237295706
6414,0,1,0.6678605787655839,0.3321394212344162,0.6678605787655839,0.3321394212344162
1901,0,1,0.6793082725309063,0.6793082725309063,0.3206917274690937,0.6793082725309063
2426,1,0,0.9854415424408828,0.9854415424408828,0.9854415424408828,0.014558457559117265
8051,0,1,0.5219708080392265,0.5219708080392265,0.4780291919607736,0.5219708080392265
412,0,1,0.5232868313797944,0.5232868313797944,0.4767131686202056,0.5232868313797944
4039,0,1,0.5390054368868743,0.4609945631131258,0.5390054368868743,0.4609945631131258
6395,0,1,0.7274240193795888,0.2725759806204112,0.7274240193795888,0.2725759806204112
8669,0,1,0.5145492914703731,0.48545070852962685,0.5145492914703731,0.48545070852962685
14996,0,1,0.6980417398952501,0.3019582601047499,0.6980417398952501,0.3019582601047499
4747,0,1,0.7594795807126546,0.24052041928734533,0.7594795807126546,0.24052041928734533
7239,0,1,0.6594716243692939,0.3405283756307061,0.6594716243692939,0.3405283756307061
1996,0,1,0.6680976420985042,0.6680976420985042,0.33190235790149575,0.6680976420985042
8459,0,1,0.5197355321064504,0.5197355321064504,0.4802644678935496,0.5197355321064504
14043,0,1,0.5061877900156591,0.5061877900156591,0.493812209984341,0.5061877900156591
9181,0,1,0.535325055403637,0.535325055403637,0.464674944596363,0.535325055403637
569,0,1,0.5126986023517074,0.48730139764829267,0.5126986023517074,0.48730139764829267
6949,0,1,0.5896524537236548,0.4103475462763451,0.5896524537236548,0.4103475462763451
2140,1,0,0.9211496828664242,0.9211496828664242,0.9211496828664242,0.07885031713357582
2,0,1,0.5546549830125029,0.4453450169874971,0.5546549830125029,0.4453450169874971
9044,0,1,0.7054868239499854,0.2945131760500147,0.7054868239499854,0.2945131760500147
4970,0,1,0.5123007614431011,0.5123007614431011,0.48769923855689884,0.5123007614431011
1930,0,1,0.9087844294194197,0.9087844294194197,0.09121557058058022,0.9087844294194197
7435,0,1,0.7783278552842064,0.7783278552842064,0.22167214471579352,0.7783278552842064
8359,0,1,0.8978418501770355,0.8978418501770355,0.10215814982296452,0.8978418501770355
9402,0,1,0.6545060149388434,0.6545060149388434,0.3454939850611567,0.6545060149388434
8931,0,1,0.7623630973033212,0.2376369026966788,0.7623630973033212,0.2376369026966788
3769,0,1,0.6766460691001323,0.32335393089986775,0.6766460691001323,0.32335393089986775
5081,0,1,0.5130694173970176,0.5130694173970176,0.4869305826029824,0.5130694173970176
13626,0,1,0.7679366248425449,0.23206337515745518,0.7679366248425449,0.23206337515745518
14331,1,0,0.8375727277517645,0.8375727277517645,0.8375727277517645,0.16242727224823547
4932,0,1,0.7164226402223163,0.2835773597776837,0.7164226402223163,0.2835773597776837
13889,0,1,0.7768786576774919,0.2231213423225081,0.7768786576774919,0.2231213423225081
7468,0,1,0.685797520387252,0.3142024796127481,0.685797520387252,0.3142024796127481
3230,1,0,0.8319183060711856,0.8319183060711856,0.8319183060711856,0.16808169392881453
2817,1,0,0.8663001201078089,0.8663001201078089,0.8663001201078089,0.13369987989219112
7598,0,1,0.5695586357566165,0.5695586357566165,0.43044136424338364,0.5695586357566165
9307,0,1,0.7520127399925329,0.24798726000746707,0.7520127399925329,0.24798726000746707
4369,0,1,0.7702325696698793,0.22976743033012068,0.7702325696698793,0.22976743033012068
8830,0,1,0.7645399054556377,0.23546009454436242,0.7645399054556377,0.23546009454436242
7673,0,1,0.7554473907666851,0.24455260923331484,0.7554473907666851,0.24455260923331484
7897,0,1,0.5553288305871722,0.44467116941282786,0.5553288305871722,0.44467116941282786
7848,0,1,0.5721378569374108,0.4278621430625893,0.5721378569374108,0.4278621430625893
738,0,1,0.5932042818417024,0.4067957181582977,0.5932042818417024,0.4067957181582977
7703,0,1,0.5156403191183032,0.5156403191183032,0.48435968088169684,0.5156403191183032
14637,1,0,0.9228358562645191,0.9228358562645191,0.9228358562645191,0.07716414373548088
7923,0,1,0.7266047498776604,0.2733952501223395,0.7266047498776604,0.2733952501223395
7609,0,1,0.6777136828666412,0.3222863171333587,0.6777136828666412,0.3222863171333587
12909,0,1,0.6134352783411825,0.6134352783411825,0.38656472165881756,0.6134352783411825
2592,1,0,0.8535300834993017,0.8535300834993017,0.8535300834993017,0.14646991650069838
3039,1,0,0.8794913580509746,0.8794913580509746,0.8794913580509746,0.12050864194902551
1857,0,1,0.7500929173853204,0.7500929173853204,0.2499070826146795,0.7500929173853204
8113,0,1,0.5721839154071056,0.4278160845928944,0.5721839154071056,0.4278160845928944
8204,0,1,0.5317081979070474,0.46829180209295257,0.5317081979070474,0.46829180209295257
7111,0,1,0.5983486443767093,0.5983486443767093,0.4016513556232907,0.5983486443767093
2584,1,0,0.9852449646660008,0.9852449646660008,0.9852449646660008,0.014755035333999343
2428,1,0,0.9738923341584051,0.9738923341584051,0.9738923341584051,0.026107665841594876
10322,1,0,0.9429943381507819,0.9429943381507819,0.9429943381507819,0.05700566184921807
242,0,1,0.5070346573788328,0.49296534262116715,0.5070346573788328,0.49296534262116715
9821,1,0,0.9698700778281356,0.9698700778281356,0.9698700778281356,0.030129922171864408
4957,0,1,0.7891338551122388,0.2108661448877613,0.7891338551122388,0.2108661448877613
5020,0,1,0.6026182252058961,0.6026182252058961,0.3973817747941039,0.6026182252058961
7623,0,1,0.7609564282966349,0.7609564282966349,0.2390435717033651,0.7609564282966349
6527,0,1,0.5364819806465468,0.4635180193534531,0.5364819806465468,0.4635180193534531
1854,0,1,0.887614093664835,0.887614093664835,0.112385906335165,0.887614093664835
3755,0,1,0.7065766920110689,0.2934233079889312,0.7065766920110689,0.2934233079889312
7618,0,1,0.6358874838794804,0.6358874838794804,0.3641125161205196,0.6358874838794804
5033,0,1,0.6880718354228684,0.3119281645771316,0.6880718354228684,0.3119281645771316
3831,0,1,0.7408943316719032,0.25910566832809684,0.7408943316719032,0.25910566832809684
4159,0,1,0.5296365531714206,0.5296365531714206,0.4703634468285795,0.5296365531714206
3812,0,1,0.5610806768618534,0.4389193231381466,0.5610806768618534,0.4389193231381466
7790,0,1,0.8662262836686548,0.8662262836686548,0.1337737163313452,0.8662262836686548
4393,0,1,0.6806449842865939,0.3193550157134061,0.6806449842865939,0.3193550157134061
8031,0,1,0.5873999056976232,0.4126000943023767,0.5873999056976232,0.4126000943023767
6654,0,1,0.7926648541782333,0.20733514582176676,0.7926648541782333,0.20733514582176676
8094,0,1,0.5103021855846682,0.5103021855846682,0.4896978144153318,0.5103021855846682
5049,0,1,0.5392233850338762,0.5392233850338762,0.4607766149661237,0.5392233850338762
6410,0,1,0.5483486659971372,0.5483486659971372,0.4516513340028629,0.5483486659971372
1931,0,1,0.9089642704172304,0.9089642704172304,0.09103572958276963,0.9089642704172304
21,0,1,0.7317544354202746,0.2682455645797254,0.7317544354202746,0.2682455645797254
913,0,1,0.7549158083588876,0.2450841916411124,0.7549158083588876,0.2450841916411124
1970,0,1,0.8032872298504989,0.8032872298504989,0.19671277014950114,0.8032872298504989
2651,1,0,0.9639560234718013,0.9639560234718013,0.9639560234718013,0.03604397652819867
3189,1,0,0.9605214908678065,0.9605214908678065,0.9605214908678065,0.039478509132193494
6592,0,1,0.7892353167395231,0.21076468326047687,0.7892353167395231,0.21076468326047687
9644,1,0,0.9207990557578083,0.9207990557578083,0.9207990557578083,0.07920094424219178
14145,0,1,0.6446418369657043,0.6446418369657043,0.3553581630342958,0.6446418369657043
13880,0,1,0.6532255232536227,0.34677447674637724,0.6532255232536227,0.34677447674637724
7709,0,1,0.9307988817597753,0.9307988817597753,0.0692011182402246,0.9307988817597753
3268,1,0,0.8141204756977642,0.8141204756977642,0.8141204756977642,0.1858795243022357
8348,0,1,0.6789051799217423,0.3210948200782578,0.6789051799217423,0.3210948200782578
9518,0,1,0.9442019451291874,0.9442019451291874,0.05579805487081259,0.9442019451291874
10032,1,0,0.8817361116597848,0.8817361116597848,0.8817361116597848,0.11826388834021526
2430,1,0,0.937072090853651,0.937072090853651,0.937072090853651,0.062927909146349
7611,0,1,0.5071928208489209,0.5071928208489209,0.4928071791510791,0.5071928208489209
3250,1,0,0.8462630379299629,0.8462630379299629,0.8462630379299629,0.15373696207003704
4383,0,1,0.6516615000910859,0.34833849990891413,0.6516615000910859,0.34833849990891413
7308,0,1,0.9059618518828956,0.9059618518828956,0.09403814811710443,0.9059618518828956
6263,0,1,0.7951995537598698,0.7951995537598698,0.2048004462401302,0.7951995537598698
6786,0,1,0.5297041375710694,0.5297041375710694,0.47029586242893057,0.5297041375710694
7843,0,1,0.8206683040280887,0.8206683040280887,0.17933169597191145,0.8206683040280887
7174,0,1,0.6521194328013323,0.34788056719866767,0.6521194328013323,0.34788056719866767
9328,0,1,0.5677900310201484,0.5677900310201484,0.4322099689798516,0.5677900310201484
8005,0,1,0.5662199587571365,0.5662199587571365,0.43378004124286357,0.5662199587571365
7616,0,1,0.6930038935113385,0.3069961064886616,0.6930038935113385,0.3069961064886616
10229,1,0,0.8560533562298996,0.8560533562298996,0.8560533562298996,0.14394664377010033
7867,0,1,0.6886877447869879,0.6886877447869879,0.3113122552130121,0.6886877447869879
5035,0,1,0.5050848573510498,0.4949151426489502,0.5050848573510498,0.4949151426489502
7902,0,1,0.7621756593836204,0.7621756593836204,0.2378243406163796,0.7621756593836204
3376,1,0,0.8963328376654157,0.8963328376654157,0.8963328376654157,0.10366716233458419
950,0,1,0.5952636134949322,0.40473638650506777,0.5952636134949322,0.40473638650506777
13634,0,1,0.7740291589313336,0.22597084106866644,0.7740291589313336,0.22597084106866644
8104,0,1,0.6293465251705742,0.6293465251705742,0.37065347482942573,0.6293465251705742
6401,0,1,0.62197118394936,0.62197118394936,0.37802881605064004,0.62197118394936
9826,1,0,0.9135236944979147,0.9135236944979147,0.9135236944979147,0.08647630550208525
1868,0,1,0.534223978610458,0.534223978610458,0.465776021389542,0.534223978610458
9433,0,1,0.834738981412208,0.834738981412208,0.1652610185877919,0.834738981412208
9342,0,1,0.7000761596624969,0.29992384033750313,0.7000761596624969,0.29992384033750313
1899,0,1,0.5931181863075237,0.5931181863075237,0.4068818136924764,0.5931181863075237
3123,1,0,0.8930729592699679,0.8930729592699679,0.8930729592699679,0.10692704073003213
9344,0,1,0.5597427611990196,0.44025723880098044,0.5597427611990196,0.44025723880098044
15298,0,1,0.6631658626604566,0.3368341373395434,0.6631658626604566,0.3368341373395434
13381,0,1,0.7720108054434724,0.22798919455652752,0.7720108054434724,0.22798919455652752
8109,0,1,0.7242846099920246,0.27571539000797546,0.7242846099920246,0.27571539000797546
9298,0,1,0.9274537842251166,0.9274537842251166,0.07254621577488345,0.9274537842251166
6773,0,1,0.5728079572249228,0.42719204277507716,0.5728079572249228,0.42719204277507716
9551,0,1,0.5107527409233221,0.5107527409233221,0.489247259076678,0.5107527409233221
5014,0,1,0.8868527933879882,0.8868527933879882,0.11314720661201187,0.8868527933879882
10676,1,0,0.8721084847217997,0.8721084847217997,0.8721084847217997,0.1278915152782003
12942,0,1,0.7490570844330648,0.2509429155669351,0.7490570844330648,0.2509429155669351
7882,0,1,0.5224031967234326,0.47759680327656734,0.5224031967234326,0.47759680327656734
7048,0,1,0.5524543300083695,0.5524543300083695,0.44754566999163053,0.5524543300083695
7203,0,1,0.6401496229305377,0.6401496229305377,0.3598503770694623,0.6401496229305377
15084,0,1,0.7332227006598265,0.7332227006598265,0.2667772993401735,0.7332227006598265
9521,0,1,0.633080339980857,0.633080339980857,0.36691966001914306,0.633080339980857
9492,0,1,0.9316481769088985,0.9316481769088985,0.0683518230911016,0.9316481769088985
7298,0,1,0.9814509308337548,0.9814509308337548,0.01854906916624518,0.9814509308337548
2012,0,1,0.5848325133737153,0.4151674866262847,0.5848325133737153,0.4151674866262847
7940,0,1,0.7718471500254113,0.7718471500254113,0.22815284997458882,0.7718471500254113
7282,0,1,0.7186325887142907,0.28136741128570936,0.7186325887142907,0.28136741128570936
5058,0,1,0.5,0.5,0.5,0.5
3909,0,1,0.7008569154446013,0.29914308455539873,0.7008569154446013,0.29914308455539873
2721,1,0,0.9317490430117754,0.9317490430117754,0.9317490430117754,0.06825095698822463
13944,0,1,0.59612982609549,0.59612982609549,0.40387017390451,0.59612982609549
8686,0,1,0.6348371208980308,0.6348371208980308,0.3651628791019692,0.6348371208980308
7724,0,1,0.7562989512623082,0.24370104873769188,0.7562989512623082,0.24370104873769188
14111,0,1,0.5793719697773518,0.5793719697773518,0.4206280302226482,0.5793719697773518
9379,0,1,0.577963429287385,0.577963429287385,0.42203657071261497,0.577963429287385
7441,0,1,0.9050922440640851,0.9050922440640851,0.09490775593591488,0.9050922440640851
14469,0,1,0.5505709709504663,0.4494290290495337,0.5505709709504663,0.4494290290495337
3774,0,1,0.7625789691887612,0.2374210308112388,0.7625789691887612,0.2374210308112388
13249,0,1,0.5,0.5,0.5,0.5
502,0,1,0.689945127220705,0.689945127220705,0.310054872779295,0.689945127220705
2033,0,1,0.9425802192994288,0.9425802192994288,0.057419780700571126,0.9425802192994288
164,0,1,0.8896092936756111,0.8896092936756111,0.11039070632438895,0.8896092936756111
6331,0,1,0.697295533365434,0.30270446663456596,0.697295533365434,0.30270446663456596
2027,0,1,0.5678183513655294,0.43218164863447056,0.5678183513655294,0.43218164863447056
6276,0,1,0.7753163850043436,0.22468361499565623,0.7753163850043436,0.22468361499565623
14373,0,1,0.6275719637999803,0.37242803620001985,0.6275719637999803,0.37242803620001985
9271,0,1,0.7404771693784853,0.2595228306215147,0.7404771693784853,0.2595228306215147
9348,0,1,0.7133386978410144,0.7133386978410144,0.28666130215898555,0.7133386978410144
1908,0,1,0.7706074510434915,0.2293925489565086,0.7706074510434915,0.2293925489565086
10036,1,0,0.8979977559925494,0.8979977559925494,0.8979977559925494,0.10200224400745062
984,0,1,0.6867132285229302,0.3132867714770699,0.6867132285229302,0.3132867714770699
1853,0,1,0.8308627015038941,0.8308627015038941,0.16913729849610598,0.8308627015038941
1571,0,1,0.7949583754249847,0.20504162457501515,0.7949583754249847,0.20504162457501515
7606,0,1,0.7969790886252622,0.7969790886252622,0.20302091137473777,0.7969790886252622
1863,0,1,0.8899898114571236,0.8899898114571236,0.11001018854287636,0.8899898114571236
14570,0,1,0.6629628365839656,0.3370371634160345,0.6629628365839656,0.3370371634160345
9925,1,0,0.9645050629275644,0.9645050629275644,0.9645050629275644,0.035494937072435555
954,0,1,0.6908110785002983,0.3091889214997018,0.6908110785002983,0.3091889214997018
7265,0,1,0.8352561347865242,0.8352561347865242,0.1647438652134758,0.8352561347865242
938,0,1,0.671697945402571,0.671697945402571,0.3283020545974291,0.671697945402571
6668,0,1,0.7670391950812732,0.23296080491872675,0.7670391950812732,0.23296080491872675
5075,0,1,0.7059355295494102,0.7059355295494102,0.2940644704505899,0.7059355295494102
8047,0,1,0.5785244837529279,0.5785244837529279,0.4214755162470722,0.5785244837529279
6370,0,1,0.61232609751555,0.38767390248445005,0.61232609751555,0.38767390248445005
4847,0,1,0.594631310434904,0.594631310434904,0.4053686895650959,0.594631310434904
8054,0,1,0.6532230100667099,0.6532230100667099,0.34677698993329004,0.6532230100667099
6611,0,1,0.5973875328400311,0.5973875328400311,0.40261246715996896,0.5973875328400311
15114,0,1,0.7717396574798138,0.22826034252018632,0.7717396574798138,0.22826034252018632
9597,0,1,0.8232183431876542,0.8232183431876542,0.1767816568123459,0.8232183431876542
1887,0,1,0.7951750314575915,0.7951750314575915,0.20482496854240853,0.7951750314575915
8187,0,1,0.703877643955103,0.29612235604489706,0.703877643955103,0.29612235604489706
4983,0,1,0.5733257318753457,0.5733257318753457,0.4266742681246543,0.5733257318753457
7425,0,1,0.7560382685802134,0.7560382685802134,0.24396173141978647,0.7560382685802134
9414,0,1,0.9414911168315161,0.9414911168315161,0.05850888316848396,0.9414911168315161
9188,0,1,0.798651856390614,0.20134814360938588,0.798651856390614,0.20134814360938588
8824,0,1,0.6554592729593621,0.6554592729593621,0.3445407270406379,0.6554592729593621
8090,0,1,0.7236877172902966,0.7236877172902966,0.2763122827097034,0.7236877172902966
9459,0,1,0.7140948827142762,0.7140948827142762,0.2859051172857238,0.7140948827142762
1997,0,1,0.8582200486954348,0.8582200486954348,0.14177995130456528,0.8582200486954348
8471,0,1,0.6265066156615038,0.3734933843384962,0.6265066156615038,0.3734933843384962
7972,0,1,0.6798716505861271,0.6798716505861271,0.3201283494138729,0.6798716505861271
6624,0,1,0.7503206617204898,0.7503206617204898,0.24967933827951022,0.7503206617204898
14962,0,1,0.7360444912710529,0.7360444912710529,0.2639555087289472,0.7360444912710529
8765,0,1,0.5674493720542938,0.4325506279457062,0.5674493720542938,0.4325506279457062
215,0,1,0.5671412092939644,0.4328587907060356,0.5671412092939644,0.4328587907060356
1933,0,1,0.9037615890616668,0.9037615890616668,0.09623841093833316,0.9037615890616668
9855,1,0,0.8622402865265337,0.8622402865265337,0.8622402865265337,0.13775971347346624
7887,0,1,0.5419468837493898,0.5419468837493898,0.4580531162506102,0.5419468837493898
14963,0,1,0.93004185560848,0.93004185560848,0.06995814439152012,0.93004185560848
8021,0,1,0.6206312709133979,0.6206312709133979,0.37936872908660224,0.6206312709133979
5032,0,1,0.9274777911799679,0.9274777911799679,0.07252220882003224,0.9274777911799679
6345,0,1,0.6565919083854578,0.34340809161454217,0.6565919083854578,0.34340809161454217
3292,1,0,0.9452663172595913,0.9452663172595913,0.9452663172595913,0.05473368274040873
1895,0,1,0.8077867816611977,0.8077867816611977,0.19221321833880242,0.8077867816611977
3220,1,0,0.8220122467346732,0.8220122467346732,0.8220122467346732,0.17798775326532687
1077,0,1,0.7088662267615763,0.2911337732384237,0.7088662267615763,0.2911337732384237
4066,0,1,0.6440411170587312,0.6440411170587312,0.3559588829412687,0.6440411170587312
7240,0,1,0.612964349189653,0.612964349189653,0.3870356508103469,0.612964349189653
2030,0,1,0.8094334873986371,0.8094334873986371,0.1905665126013629,0.8094334873986371
8546,0,1,0.7815785731077223,0.21842142689227778,0.7815785731077223,0.21842142689227778
2574,1,0,0.9380283995136616,0.9380283995136616,0.9380283995136616,0.06197160048633843
7502,0,1,0.6403254892668059,0.35967451073319406,0.6403254892668059,0.35967451073319406
1994,0,1,0.7684716898799575,0.23152831012004246,0.7684716898799575,0.23152831012004246
15746,0,1,0.5135587312982737,0.4864412687017263,0.5135587312982737,0.4864412687017263
8439,0,1,0.5942318464228599,0.4057681535771402,0.5942318464228599,0.4057681535771402
7706,0,1,0.6666829596899092,0.33331704031009074,0.6666829596899092,0.33331704031009074
4435,0,1,0.5641336142332457,0.43586638576675424,0.5641336142332457,0.43586638576675424
9423,0,1,0.5703962032656861,0.429603796734314,0.5703962032656861,0.429603796734314
7309,0,1,0.8015808636766456,0.8015808636766456,0.1984191363233545,0.8015808636766456
6876,0,1,0.7396646447329228,0.26033535526707724,0.7396646447329228,0.26033535526707724
4837,0,1,0.5905698595567046,0.5905698595567046,0.4094301404432955,0.5905698595567046
14367,0,1,0.6500033177961244,0.6500033177961244,0.3499966822038757,0.6500033177961244
338,0,1,0.7215118618734107,0.7215118618734107,0.27848813812658935,0.7215118618734107
8513,0,1,0.7424219111695505,0.7424219111695505,0.2575780888304496,0.7424219111695505
6325,0,1,0.7471811063504051,0.7471811063504051,0.2528188936495948,0.7471811063504051
7613,0,1,0.5309815173383631,0.5309815173383631,0.4690184826616369,0.5309815173383631
3353,1,0,0.9320174479912505,0.9320174479912505,0.9320174479912505,0.06798255200874946
14028,0,1,0.9792234032864148,0.9792234032864148,0.02077659671358533,0.9792234032864148
6714,0,1,0.6241740159385755,0.3758259840614246,0.6241740159385755,0.3758259840614246
8046,0,1,0.6707370866470681,0.6707370866470681,0.329262913352932,0.6707370866470681
6286,0,1,0.721331500109378,0.721331500109378,0.27866849989062203,0.721331500109378
7668,0,1,0.9765819965893876,0.9765819965893876,0.02341800341061237,0.9765819965893876
9145,0,1,0.7198324735243501,0.2801675264756499,0.7198324735243501,0.2801675264756499
10183,1,0,0.9174978268087788,0.9174978268087788,0.9174978268087788,0.08250217319122127
13555,0,1,0.6134855858416464,0.38651441415835364,0.6134855858416464,0.38651441415835364
8593,0,1,0.505023163525727,0.505023163525727,0.49497683647427304,0.505023163525727
6991,0,1,0.7361831653295918,0.26381683467040823,0.7361831653295918,0.26381683467040823
12710,0,1,0.5215197333755645,0.5215197333755645,0.47848026662443566,0.5215197333755645
6552,0,1,0.694385847702543,0.305614152297457,0.694385847702543,0.305614152297457
9227,0,1,0.7194054661816974,0.7194054661816974,0.28059453381830257,0.7194054661816974
14239,0,1,0.7914326180583957,0.2085673819416044,0.7914326180583957,0.2085673819416044
8780,0,1,0.6460385120052409,0.6460385120052409,0.35396148799475907,0.6460385120052409
7305,0,1,0.6449764055961376,0.6449764055961376,0.3550235944038625,0.6449764055961376
7472,0,1,0.7598974332919836,0.24010256670801647,0.7598974332919836,0.24010256670801647
8101,0,1,0.7874933487504756,0.2125066512495243,0.7874933487504756,0.2125066512495243
6832,0,1,0.7862952710193961,0.21370472898060375,0.7862952710193961,0.21370472898060375
804,0,1,0.5568623526780678,0.4431376473219323,0.5568623526780678,0.4431376473219323
4058,0,1,0.6828150504052151,0.3171849495947849,0.6828150504052151,0.3171849495947849
7625,0,1,0.690413514621259,0.3095864853787409,0.690413514621259,0.3095864853787409
9275,0,1,0.6320933064685608,0.6320933064685608,0.36790669353143923,0.6320933064685608
8072,0,1,0.7022012514966839,0.7022012514966839,0.2977987485033161,0.7022012514966839
8559,0,1,0.5798189034075986,0.5798189034075986,0.4201810965924015,0.5798189034075986
1969,0,1,0.9270757250101342,0.9270757250101342,0.07292427498986581,0.9270757250101342
8950,0,1,0.7818672017412887,0.21813279825871137,0.7818672017412887,0.21813279825871137
14473,0,1,0.5973376142529161,0.5973376142529161,0.40266238574708396,0.5973376142529161
9216,0,1,0.7950921668827265,0.20490783311727354,0.7950921668827265,0.20490783311727354
9185,0,1,0.5302443725198037,0.5302443725198037,0.46975562748019634,0.5302443725198037
14658,0,1,0.6566466777704774,0.34335332222952264,0.6566466777704774,0.34335332222952264
8548,0,1,0.7818058899051582,0.21819411009484185,0.7818058899051582,0.21819411009484185
15108,0,1,0.7132550732793201,0.2867449267206799,0.7132550732793201,0.2867449267206799
5044,0,1,0.8840048717572774,0.8840048717572774,0.11599512824272258,0.8840048717572774
7991,0,1,0.6257656401208133,0.3742343598791868,0.6257656401208133,0.3742343598791868
8197,0,1,0.5545113366291601,0.5545113366291601,0.4454886633708399,0.5545113366291601
5000,0,1,0.5448586007635817,0.5448586007635817,0.4551413992364184,0.5448586007635817
13329,0,1,0.5806887735773818,0.5806887735773818,0.41931122642261814,0.5806887735773818
2765,1,0,0.9462700467643493,0.9462700467643493,0.9462700467643493,0.05372995323565073
9109,0,1,0.6532935939169368,0.6532935939169368,0.3467064060830632,0.6532935939169368
2257,1,0,0.939180175928017,0.939180175928017,0.939180175928017,0.06081982407198305
8504,0,1,0.7281557053984151,0.7281557053984151,0.27184429460158493,0.7281557053984151
10161,1,0,0.8921842309038559,0.8921842309038559,0.8921842309038559,0.10781576909614407
13514,0,1,0.588421436516336,0.411578563483664,0.588421436516336,0.411578563483664
3890,0,1,0.5474792257690186,0.45252077423098147,0.5474792257690186,0.45252077423098147
4880,0,1,0.6601989578562728,0.33980104214372725,0.6601989578562728,0.33980104214372725
2814,1,0,0.935822004866086,0.935822004866086,0.935822004866086,0.06417799513391408
5057,0,1,0.5088170069360927,0.49118299306390745,0.5088170069360927,0.49118299306390745
13360,0,1,0.759543330218262,0.24045666978173788,0.759543330218262,0.24045666978173788
15303,0,1,0.8274367942761698,0.8274367942761698,0.1725632057238303,0.8274367942761698
7996,0,1,0.6537594270500652,0.6537594270500652,0.3462405729499349,0.6537594270500652
7302,0,1,0.679077761957631,0.679077761957631,0.320922238042369,0.679077761957631
7594,0,1,0.7014424761854978,0.7014424761854978,0.29855752381450223,0.7014424761854978
4618,0,1,0.6548039969564128,0.6548039969564128,0.34519600304358733,0.6548039969564128
4434,0,1,0.6358319533558583,0.6358319533558583,0.3641680466441418,0.6358319533558583
3771,0,1,0.5107666013460909,0.5107666013460909,0.4892333986539092,0.5107666013460909
4501,0,1,0.6787362175500817,0.3212637824499183,0.6787362175500817,0.3212637824499183
6523,0,1,0.7349775289066532,0.26502247109334687,0.7349775289066532,0.26502247109334687
7456,0,1,0.7506547360289078,0.7506547360289078,0.2493452639710923,0.7506547360289078
9531,0,1,0.8806109566720877,0.8806109566720877,0.11938904332791236,0.8806109566720877
15711,0,1,0.6324751087747517,0.3675248912252483,0.6324751087747517,0.3675248912252483
4613,0,1,0.6111927054812327,0.38880729451876733,0.6111927054812327,0.38880729451876733
3214,1,0,0.951459344960046,0.951459344960046,0.951459344960046,0.04854065503995399
9999,1,0,0.8304014489178633,0.8304014489178633,0.8304014489178633,0.16959855108213676
13939,0,1,0.616720565077295,0.38327943492270494,0.616720565077295,0.38327943492270494
9804,1,0,0.9206195549083407,0.9206195549083407,0.9206195549083407,0.07938044509165931
12700,0,1,0.7787726404704094,0.2212273595295906,0.7787726404704094,0.2212273595295906
4810,0,1,0.6464747112696877,0.6464747112696877,0.35352528873031236,0.6464747112696877
6626,0,1,0.700426448360822,0.299573551639178,0.700426448360822,0.299573551639178
1976,0,1,0.6617039935745277,0.33829600642547236,0.6617039935745277,0.33829600642547236
4073,0,1,0.6032108351399234,0.6032108351399234,0.3967891648600767,0.6032108351399234
7948,0,1,0.8735451782370199,0.8735451782370199,0.12645482176298015,0.8735451782370199
14896,0,1,0.7448919692670201,0.25510803073297994,0.7448919692670201,0.25510803073297994
13161,0,1,0.7416817305740463,0.2583182694259537,0.7416817305740463,0.2583182694259537
9127,0,1,0.5,0.5,0.5,0.5
7307,0,1,0.5395771309183159,0.5395771309183159,0.4604228690816841,0.5395771309183159
7953,0,1,0.5248701084367058,0.5248701084367058,0.47512989156329416,0.5248701084367058
6260,0,1,0.6680613113751385,0.3319386886248616,0.6680613113751385,0.3319386886248616
9636,1,0,0.9779236368815406,0.9779236368815406,0.9779236368815406,0.022076363118459397
6828,0,1,0.5189322407149528,0.5189322407149528,0.48106775928504725,0.5189322407149528
5299,1,0,0.8740941706728625,0.8740941706728625,0.8740941706728625,0.1259058293271374
2468,1,0,0.9611681723903474,0.9611681723903474,0.9611681723903474,0.03883182760965261
375,0,1,0.5087971569857755,0.5087971569857755,0.49120284301422446,0.5087971569857755
7950,0,1,0.7080927609604765,0.29190723903952365,0.7080927609604765,0.29190723903952365
7730,0,1,0.5483503078480472,0.4516496921519529,0.5483503078480472,0.4516496921519529
