number,value,params_C,user_attrs_f1,user_attrs_metrics,user_attrs_recall,state
0,0.7700182266647446,0.0745934328572655,0.7699405728003915,"{'accuracy': {'mean': 0.7958271789244274, 'std': 0.007883557499830472}, 'balanced_accuracy': {'mean': 0.7937591075703311, 'std': 0.007987076938714673}, 'brier_score': {'mean': 0.14354590497468486, 'std': 0.0039814237183607125}, 'cohen_kappa': {'mean': 0.5864421721115569, 'std': 0.015948670134686822}, 'f1': {'mean': 0.7699405728003915, 'std': 0.00886604302110444}, 'mean_absolute_stage_error': {'mean': 0.20417282107557258, 'std': 0.007883557499830496}, 'precision': {'mean': 0.7634719920312556, 'std': 0.009062873062347893}, 'quadratic_weighted_kappa': {'mean': 0.5864421721115569, 'std': 0.015948670134686822}, 'recall': {'mean': 0.7765386435311694, 'std': 0.009459982181105485}, 'roc_auc': {'mean': 0.8734850329363539, 'std': 0.006228718638591541}}",0.7765386435311694,COMPLETE
1,0.7726540406722029,56.69849511478853,0.7725762086341303,"{'accuracy': {'mean': 0.7983736060593423, 'std': 0.007306969190921181}, 'balanced_accuracy': {'mean': 0.7962231733112763, 'std': 0.007136118409650825}, 'brier_score': {'mean': 0.14256954106205597, 'std': 0.00424424922820119}, 'cohen_kappa': {'mean': 0.5915103250818559, 'std': 0.014560630228332028}, 'f1': {'mean': 0.7725762086341303, 'std': 0.007683951448009776}, 'mean_absolute_stage_error': {'mean': 0.20162639394065787, 'std': 0.007306969190921173}, 'precision': {'mean': 0.7669612037166741, 'std': 0.009883134097355313}, 'quadratic_weighted_kappa': {'mean': 0.5915103250818559, 'std': 0.014560630228332028}, 'recall': {'mean': 0.7783203807249331, 'std': 0.007368746515039378}, 'roc_auc': {'mean': 0.8748620933615537, 'std': 0.0062839166186340585}}",0.7783203807249331,COMPLETE
2,0.772919342418292,4.5705630998014515,0.7728414659854329,"{'accuracy': {'mean': 0.7985691568591637, 'std': 0.007375335717937379}, 'balanced_accuracy': {'mean': 0.7964452237206581, 'std': 0.007278979459525555}, 'brier_score': {'mean': 0.14241135560574847, 'std': 0.0042841576641539205}, 'cohen_kappa': {'mean': 0.5919236946511257, 'std': 0.014758215761809197}, 'f1': {'mean': 0.7728414659854329, 'std': 0.007918474074286686}, 'mean_absolute_stage_error': {'mean': 0.20143084314083634, 'std': 0.007375335717937376}, 'precision': {'mean': 0.7670514826690932, 'std': 0.009653353609631814}, 'quadratic_weighted_kappa': {'mean': 0.5919236946511257, 'std': 0.014758215761809197}, 'recall': {'mean': 0.7787643285907876, 'std': 0.008076664894673355}, 'roc_auc': {'mean': 0.8750947553550577, 'std': 0.006400484426649121}}",0.7787643285907876,COMPLETE
3,0.7718573177624394,0.9846738873614566,0.7717795748607743,"{'accuracy': {'mean': 0.7976877640043665, 'std': 0.0076194301134579175}, 'balanced_accuracy': {'mean': 0.7955152535118332, 'std': 0.007449810096669917}, 'brier_score': {'mean': 0.14253907488130774, 'std': 0.004201081255341066}, 'cohen_kappa': {'mean': 0.5901113150745105, 'std': 0.015199113581077377}, 'f1': {'mean': 0.7717795748607743, 'std': 0.008026722230975654}, 'mean_absolute_stage_error': {'mean': 0.20231223599563353, 'std': 0.0076194301134579175}, 'precision': {'mean': 0.7662437002495774, 'std': 0.010117034979084928}, 'quadratic_weighted_kappa': {'mean': 0.5901113150745105, 'std': 0.015199113581077377}, 'recall': {'mean': 0.7774290166505223, 'std': 0.007081252273948478}, 'roc_auc': {'mean': 0.8749631956560512, 'std': 0.006325238964571036}}",0.7774290166505223,COMPLETE
4,0.7587053689830638,0.006026889128682512,0.7586288949745763,"{'accuracy': {'mean': 0.7859359231948945, 'std': 0.010631850116850592}, 'balanced_accuracy': {'mean': 0.7836637946172293, 'std': 0.011061884330817362}, 'brier_score': {'mean': 0.14870221628616703, 'std': 0.003554128197523396}, 'cohen_kappa': {'mean': 0.5663433185085658, 'std': 0.02177492951689595}, 'f1': {'mean': 0.7586288949745763, 'std': 0.012617961761709508}, 'mean_absolute_stage_error': {'mean': 0.2140640768051055, 'std': 0.010631850116850606}, 'precision': {'mean': 0.7526378953492177, 'std': 0.010787661790188415}, 'quadratic_weighted_kappa': {'mean': 0.5663433185085658, 'std': 0.02177492951689595}, 'recall': {'mean': 0.7647400848753007, 'std': 0.014917392295571784}, 'roc_auc': {'mean': 0.8659219223616947, 'std': 0.006277750254174708}}",0.7647400848753007,COMPLETE
5,0.7587053689830638,0.0060252157362038605,0.7586288949745763,"{'accuracy': {'mean': 0.7859359231948945, 'std': 0.010631850116850592}, 'balanced_accuracy': {'mean': 0.7836637946172293, 'std': 0.011061884330817362}, 'brier_score': {'mean': 0.14870329568896662, 'std': 0.003554059896417888}, 'cohen_kappa': {'mean': 0.5663433185085658, 'std': 0.02177492951689595}, 'f1': {'mean': 0.7586288949745763, 'std': 0.012617961761709508}, 'mean_absolute_stage_error': {'mean': 0.2140640768051055, 'std': 0.010631850116850606}, 'precision': {'mean': 0.7526378953492177, 'std': 0.010787661790188415}, 'quadratic_weighted_kappa': {'mean': 0.5663433185085658, 'std': 0.02177492951689595}, 'recall': {'mean': 0.7647400848753007, 'std': 0.014917392295571784}, 'roc_auc': {'mean': 0.8659215335528776, 'std': 0.006278160404184791}}",0.7647400848753007,COMPLETE
6,0.7516013026637671,0.0019517224641449498,0.7515257634479594,"{'accuracy': {'mean': 0.7802559850577903, 'std': 0.013212398932733498}, 'balanced_accuracy': {'mean': 0.7775913062960075, 'std': 0.013523007711026828}, 'brier_score': {'mean': 0.15423086465365893, 'std': 0.0032229709139470534}, 'cohen_kappa': {'mean': 0.554567463209553, 'std': 0.02688756756410099}, 'f1': {'mean': 0.7515257634479594, 'std': 0.01524310925690623}, 'mean_absolute_stage_error': {'mean': 0.2197440149422097, 'std': 0.013212398932733484}, 'precision': {'mean': 0.7477278944023071, 'std': 0.014574888974141791}, 'quadratic_weighted_kappa': {'mean': 0.554567463209553, 'std': 0.02688756756410099}, 'recall': {'mean': 0.7553921580771508, 'std': 0.016584045714508118}, 'roc_auc': {'mean': 0.8579766553571723, 'std': 0.006392304230572482}}",0.7553921580771508,COMPLETE
7,0.7719319814977146,21.42302175774105,0.7718542830651578,"{'accuracy': {'mean': 0.7978836983311304, 'std': 0.00865932955472089}, 'balanced_accuracy': {'mean': 0.7956424053675009, 'std': 0.008473209203882026}, 'brier_score': {'mean': 0.14254460025457663, 'std': 0.0042622154897537}, 'cohen_kappa': {'mean': 0.5904520086082721, 'std': 0.017277136856993242}, 'f1': {'mean': 0.7718542830651578, 'std': 0.009131975834092677}, 'mean_absolute_stage_error': {'mean': 0.20211630166886954, 'std': 0.008659329554720893}, 'precision': {'mean': 0.76683397516144, 'std': 0.011470988864760362}, 'quadratic_weighted_kappa': {'mean': 0.5904520086082721, 'std': 0.017277136856993242}, 'recall': {'mean': 0.7769843255683747, 'std': 0.008158867955675223}, 'roc_auc': {'mean': 0.8749210068633548, 'std': 0.006350755399560548}}",0.7769843255683747,COMPLETE
8,0.7722075817081466,1.0129197956845732,0.7721297943125995,"{'accuracy': {'mean': 0.7979814977014751, 'std': 0.0076842690590283496}, 'balanced_accuracy': {'mean': 0.7958252119861562, 'std': 0.007603157460967595}, 'brier_score': {'mean': 0.1425336386130088, 'std': 0.0041933530708541545}, 'cohen_kappa': {'mean': 0.5907136071303356, 'std': 0.01539969393829523}, 'f1': {'mean': 0.7721297943125995, 'std': 0.008280614015467333}, 'mean_absolute_stage_error': {'mean': 0.2020185022985249, 'std': 0.007684269059028329}, 'precision': {'mean': 0.7664987095439735, 'std': 0.009788133753805927}, 'quadratic_weighted_kappa': {'mean': 0.5907136071303356, 'std': 0.01539969393829523}, 'recall': {'mean': 0.7778739554714346, 'std': 0.007931244334457561}, 'roc_auc': {'mean': 0.8749618310049776, 'std': 0.006310541573299823}}",0.7778739554714346,COMPLETE
9,0.7731829796449132,3.4702669886504163,0.7731050586933982,"{'accuracy': {'mean': 0.7987649473633243, 'std': 0.007771733920289697}, 'balanced_accuracy': {'mean': 0.7966678170004963, 'std': 0.007771543240550941}, 'brier_score': {'mean': 0.14245545582888483, 'std': 0.004266155025970653}, 'cohen_kappa': {'mean': 0.5923374136908472, 'std': 0.015626197153469645}, 'f1': {'mean': 0.7731050586933982, 'std': 0.008548133758626205}, 'mean_absolute_stage_error': {'mean': 0.20123505263667582, 'std': 0.007771733920289728}, 'precision': {'mean': 0.767148712734999, 'std': 0.009787495975520167}, 'quadratic_weighted_kappa': {'mean': 0.5923374136908472, 'std': 0.015626197153469645}, 'recall': {'mean': 0.7792095151504641, 'std': 0.00956798442619009}, 'roc_auc': {'mean': 0.8750379450645991, 'std': 0.006395978855152233}}",0.7792095151504641,COMPLETE
10,0.769980967252988,0.06822974740734529,0.7699032911416939,"{'accuracy': {'mean': 0.7957292357314794, 'std': 0.008078543822329082}, 'balanced_accuracy': {'mean': 0.7936955171007339, 'std': 0.00822691938749851}, 'brier_score': {'mean': 0.14361972201980738, 'std': 0.0039726576722694815}, 'cohen_kappa': {'mean': 0.5862719715510757, 'std': 0.01637762401209574}, 'f1': {'mean': 0.7699032911416939, 'std': 0.009166175452566984}, 'mean_absolute_stage_error': {'mean': 0.20427076426852064, 'std': 0.008078543822329089}, 'precision': {'mean': 0.7631802488268696, 'std': 0.009024620891908114}, 'quadratic_weighted_kappa': {'mean': 0.5862719715510757, 'std': 0.01637762401209574}, 'recall': {'mean': 0.7767611129416253, 'std': 0.00992695004876074}, 'roc_auc': {'mean': 0.8733721617591744, 'std': 0.006244419467654707}}",0.7767611129416253,COMPLETE
11,0.7729995167563678,5.396408491674145,0.7729216402987349,"{'accuracy': {'mean': 0.7986671000521117, 'std': 0.008215715081169044}, 'balanced_accuracy': {'mean': 0.7965326837009983, 'std': 0.008209402014277868}, 'brier_score': {'mean': 0.1424486762418795, 'std': 0.004292705809337593}, 'cohen_kappa': {'mean': 0.5921105977684225, 'std': 0.016519741472246583}, 'f1': {'mean': 0.7729216402987349, 'std': 0.009022746742443992}, 'mean_absolute_stage_error': {'mean': 0.20133289994788822, 'std': 0.00821571508116904}, 'precision': {'mean': 0.767214086709348, 'std': 0.01025493985084516}, 'quadratic_weighted_kappa': {'mean': 0.5921105977684225, 'std': 0.016519741472246583}, 'recall': {'mean': 0.7787645763295521, 'std': 0.009737324166856532}, 'roc_auc': {'mean': 0.8750614595504101, 'std': 0.006438964834256674}}",0.7787645763295521,COMPLETE
12,0.7729735723852867,3.0240503427727154,0.7728956736807128,"{'accuracy': {'mean': 0.7985690130365602, 'std': 0.008032495378309138}, 'balanced_accuracy': {'mean': 0.7964690167549466, 'std': 0.007906479884946065}, 'brier_score': {'mean': 0.1424678549575809, 'std': 0.004262239904244365}, 'cohen_kappa': {'mean': 0.591944709871267, 'std': 0.016054693160056633}, 'f1': {'mean': 0.7728956736807128, 'std': 0.008567746318379338}, 'mean_absolute_stage_error': {'mean': 0.20143098696343978, 'std': 0.008032495378309159}, 'precision': {'mean': 0.7669467409231494, 'std': 0.010545156668190059}, 'quadratic_weighted_kappa': {'mean': 0.591944709871267, 'std': 0.016054693160056633}, 'recall': {'mean': 0.7789870457400081, 'std': 0.008467454759761251}, 'roc_auc': {'mean': 0.8750311377075409, 'std': 0.006388912228792858}}",0.7789870457400081,COMPLETE
13,0.7722425552951843,9.154902491428649,0.7721647901218043,"{'accuracy': {'mean': 0.7980797764804979, 'std': 0.0071239718236872996}, 'balanced_accuracy': {'mean': 0.7958888498486811, 'std': 0.006994694028882517}, 'brier_score': {'mean': 0.14250211793654394, 'std': 0.00425686268519225}, 'cohen_kappa': {'mean': 0.5908839977396175, 'std': 0.014226890715681988}, 'f1': {'mean': 0.7721647901218043, 'std': 0.007588169301110735}, 'mean_absolute_stage_error': {'mean': 0.20192022351950212, 'std': 0.007123971823687276}, 'precision': {'mean': 0.7668024596429707, 'std': 0.009554334446411029}, 'quadratic_weighted_kappa': {'mean': 0.5908839977396175, 'std': 0.014226890715681988}, 'recall': {'mean': 0.7776517337997428, 'std': 0.007756890389128683}, 'roc_auc': {'mean': 0.8750085863651181, 'std': 0.006367400504884863}}",0.7776517337997428,COMPLETE
14,0.7703994711450868,0.3310341015157864,0.7703219063180456,"{'accuracy': {'mean': 0.796512781275064, 'std': 0.0068631514508136204}, 'balanced_accuracy': {'mean': 0.7942755359486473, 'std': 0.007080320318790618}, 'brier_score': {'mean': 0.14280708956327287, 'std': 0.004132769200014734}, 'cohen_kappa': {'mean': 0.5876798021851583, 'std': 0.01398018075097702}, 'f1': {'mean': 0.7703219063180456, 'std': 0.007997413616698822}, 'mean_absolute_stage_error': {'mean': 0.20348721872493591, 'std': 0.006863151450813632}, 'precision': {'mean': 0.7651022738287551, 'std': 0.00755292242348833}, 'quadratic_weighted_kappa': {'mean': 0.5876798021851583, 'std': 0.01398018075097702}, 'recall': {'mean': 0.7756482704118162, 'std': 0.009927313060457752}, 'roc_auc': {'mean': 0.8745660345617814, 'std': 0.006271400174705335}}",0.7756482704118162,COMPLETE
15,0.77218037229575,34.54013068456224,0.7721025625046185,"{'accuracy': {'mean': 0.7978838421537339, 'std': 0.00773160126236152}, 'balanced_accuracy': {'mean': 0.7957622117799434, 'std': 0.007554707480076181}, 'brier_score': {'mean': 0.1425426979956906, 'std': 0.0042513186006367405}, 'cohen_kappa': {'mean': 0.590548271227943, 'std': 0.015414916993823266}, 'f1': {'mean': 0.7721025625046185, 'std': 0.008126185168645881}, 'mean_absolute_stage_error': {'mean': 0.2021161578462661, 'std': 0.007731601262361538}, 'precision': {'mean': 0.7662342227834449, 'std': 0.01028417958387358}, 'quadratic_weighted_kappa': {'mean': 0.590548271227943, 'std': 0.015414916993823266}, 'recall': {'mean': 0.7780979113144771, 'std': 0.007236550150883589}, 'roc_auc': {'mean': 0.8749216179358997, 'std': 0.006304926642873389}}",0.7780979113144771,COMPLETE
16,0.7707578780032348,0.2651195783831498,0.7706802687318592,"{'accuracy': {'mean': 0.796806467031305, 'std': 0.007013514155435516}, 'balanced_accuracy': {'mean': 0.7945850172548428, 'std': 0.0071961912324632815}, 'brier_score': {'mean': 0.14289503625233363, 'std': 0.004103417375865454}, 'cohen_kappa': {'mean': 0.588285326603607, 'std': 0.01425475272782583}, 'f1': {'mean': 0.7706802687318592, 'std': 0.008104404226551853}, 'mean_absolute_stage_error': {'mean': 0.20319353296869508, 'std': 0.007013514155435535}, 'precision': {'mean': 0.7653827245432305, 'std': 0.007971652785714685}, 'quadratic_weighted_kappa': {'mean': 0.588285326603607, 'std': 0.01425475272782583}, 'recall': {'mean': 0.7760927137551995, 'std': 0.009988413288744667}, 'roc_auc': {'mean': 0.8744405374454057, 'std': 0.006256147115793038}}",0.7760927137551995,COMPLETE
17,0.7726737933668146,10.313130464702752,0.772596028143887,"{'accuracy': {'mean': 0.7985693486226348, 'std': 0.007543402605012914}, 'balanced_accuracy': {'mean': 0.7963263134774172, 'std': 0.0073927518767590095}, 'brier_score': {'mean': 0.1425186648557685, 'std': 0.004274799553173182}, 'cohen_kappa': {'mean': 0.5918288285324242, 'std': 0.015062036044179572}, 'f1': {'mean': 0.772596028143887, 'std': 0.007996539877599707}, 'mean_absolute_stage_error': {'mean': 0.2014306513773651, 'std': 0.007543402605012882}, 'precision': {'mean': 0.7676436914924988, 'std': 0.010042126405941584}, 'quadratic_weighted_kappa': {'mean': 0.5918288285324242, 'std': 0.015062036044179572}, 'recall': {'mean': 0.7776522292772717, 'std': 0.0074821452167342746}, 'roc_auc': {'mean': 0.8749365828955495, 'std': 0.006384311462564325}}",0.7776522292772717,COMPLETE
18,0.7731370085867941,2.1370184394867615,0.7730591099565417,"{'accuracy': {'mean': 0.7987648514815885, 'std': 0.007872347539316735}, 'balanced_accuracy': {'mean': 0.7966435467980798, 'std': 0.007807684453210566}, 'brier_score': {'mean': 0.14245922310058395, 'std': 0.004253593361895678}, 'cohen_kappa': {'mean': 0.5923196618298852, 'std': 0.01577785181876912}, 'f1': {'mean': 0.7730591099565417, 'std': 0.008538426639329258}, 'mean_absolute_stage_error': {'mean': 0.20123514851841146, 'std': 0.007872347539316763}, 'precision': {'mean': 0.767282767987951, 'std': 0.01027010505099564}, 'quadratic_weighted_kappa': {'mean': 0.5923196618298852, 'std': 0.01577785181876912}, 'recall': {'mean': 0.7789863025237148, 'std': 0.009348305804579505}, 'roc_auc': {'mean': 0.8750655605694204, 'std': 0.006375667073342233}}",0.7789863025237148,COMPLETE
19,0.7727186129852743,89.63685022941,0.7726407141816048,"{'accuracy': {'mean': 0.7982755190437906, 'std': 0.007877064031855008}, 'balanced_accuracy': {'mean': 0.7962072744702379, 'std': 0.007766058694849151}, 'brier_score': {'mean': 0.14256292392298442, 'std': 0.0042704388232922596}, 'cohen_kappa': {'mean': 0.59137884110375, 'std': 0.015756815522708592}, 'f1': {'mean': 0.7726407141816048, 'std': 0.008407738460565976}, 'mean_absolute_stage_error': {'mean': 0.20172448095620937, 'std': 0.007877064031854997}, 'precision': {'mean': 0.7664256167971563, 'std': 0.01009436105252338}, 'quadratic_weighted_kappa': {'mean': 0.59137884110375, 'std': 0.015756815522708592}, 'recall': {'mean': 0.7789880366950658, 'std': 0.007832237258655304}, 'roc_auc': {'mean': 0.8748494650429068, 'std': 0.00632805284907005}}",0.7789880366950658,COMPLETE
20,0.772613368194175,1.3229011302622098,0.7725355140578047,"{'accuracy': {'mean': 0.7982751834577158, 'std': 0.007744858627285898}, 'balanced_accuracy': {'mean': 0.7961589161018402, 'std': 0.007664096550704901}, 'brier_score': {'mean': 0.1425073656207295, 'std': 0.004226927824791613}, 'cohen_kappa': {'mean': 0.5913378544089515, 'std': 0.015517896872064625}, 'f1': {'mean': 0.7725355140578047, 'std': 0.008352220246463642}, 'mean_absolute_stage_error': {'mean': 0.20172481654228408, 'std': 0.007744858627285909}, 'precision': {'mean': 0.7666596721547398, 'std': 0.00995402323067083}, 'quadratic_weighted_kappa': {'mean': 0.5913378544089515, 'std': 0.015517896872064625}, 'recall': {'mean': 0.7785413637028027, 'std': 0.008317289525329641}, 'roc_auc': {'mean': 0.8750007490392129, 'std': 0.006335081831966856}}",0.7785413637028027,COMPLETE
21,0.7732234611054923,3.0628707361256136,0.7731455624256922,"{'accuracy': {'mean': 0.7988628426154044, 'std': 0.0076065952306580914}, 'balanced_accuracy': {'mean': 0.7967313600771655, 'std': 0.007541590491756803}, 'brier_score': {'mean': 0.14244374187221898, 'std': 0.004246675222364952}, 'cohen_kappa': {'mean': 0.592508388939779, 'std': 0.0152502884390515}, 'f1': {'mean': 0.7731455624256922, 'std': 0.008244646497227568}, 'mean_absolute_stage_error': {'mean': 0.20113715738459553, 'std': 0.007606595230658096}, 'precision': {'mean': 0.7674378225454594, 'std': 0.009831444974200593}, 'quadratic_weighted_kappa': {'mean': 0.592508388939779, 'std': 0.0152502884390515}, 'recall': {'mean': 0.7789867980012437, 'std': 0.008647866222053309}, 'roc_auc': {'mean': 0.8750634359682168, 'std': 0.006365739673348723}}",0.7789867980012437,COMPLETE
22,0.7706213843633776,0.29993405980436694,0.7705437972893954,"{'accuracy': {'mean': 0.7967085717792246, 'std': 0.006863512505077975}, 'balanced_accuracy': {'mean': 0.7944741067648335, 'std': 0.007066855991517137}, 'brier_score': {'mean': 0.14283401967821502, 'std': 0.004122445257101171}, 'cohen_kappa': {'mean': 0.5880768523361597, 'std': 0.013968219636359955}, 'f1': {'mean': 0.7705437972893954, 'std': 0.007968035312592195}, 'mean_absolute_stage_error': {'mean': 0.20329142822077534, 'std': 0.006863512505077981}, 'precision': {'mean': 0.7653244713319977, 'std': 0.007626044569174726}, 'quadratic_weighted_kappa': {'mean': 0.5880768523361597, 'std': 0.013968219636359955}, 'recall': {'mean': 0.7758707398222723, 'std': 0.009854562399238376}, 'roc_auc': {'mean': 0.8745294430706126, 'std': 0.0062726416866813696}}",0.7758707398222723,COMPLETE
23,0.7732190530233632,1.8498472205797545,0.7731411544178848,"{'accuracy': {'mean': 0.7988626508519332, 'std': 0.008269732081905899}, 'balanced_accuracy': {'mean': 0.7967309884690188, 'std': 0.008270630994728882}, 'brier_score': {'mean': 0.1424583277744151, 'std': 0.0042416943571551785}, 'cohen_kappa': {'mean': 0.5925064833097708, 'std': 0.016637007341796756}, 'f1': {'mean': 0.7731411544178848, 'std': 0.009106649881209397}, 'mean_absolute_stage_error': {'mean': 0.2011373491480668, 'std': 0.008269732081905868}, 'precision': {'mean': 0.7674339611896759, 'std': 0.010341429080509732}, 'quadratic_weighted_kappa': {'mean': 0.5925064833097708, 'std': 0.016637007341796756}, 'recall': {'mean': 0.7789860547849503, 'std': 0.009894347139816061}, 'roc_auc': {'mean': 0.8750554430490627, 'std': 0.00637340901078878}}",0.7789860547849503,COMPLETE
24,0.7720551262432575,12.451692501347646,0.7719774055885334,"{'accuracy': {'mean': 0.7979818332875498, 'std': 0.007191511007126653}, 'balanced_accuracy': {'mean': 0.7957537456327098, 'std': 0.007092545183517817}, 'brier_score': {'mean': 0.14251354999948673, 'std': 0.004243417790879895}, 'cohen_kappa': {'mean': 0.5906555602805319, 'std': 0.014390114300121814}, 'f1': {'mean': 0.7719774055885334, 'std': 0.0077221557631166424}, 'mean_absolute_stage_error': {'mean': 0.20201816671245018, 'std': 0.007191511007126629}, 'precision': {'mean': 0.7668598310203624, 'std': 0.00944893704824571}, 'quadratic_weighted_kappa': {'mean': 0.5906555602805319, 'std': 0.014390114300121814}, 'recall': {'mean': 0.7772065472400663, 'std': 0.00785360519595513}, 'roc_auc': {'mean': 0.8749453398483041, 'std': 0.006351580962777332}}",0.7772065472400663,COMPLETE
25,0.7713282490944045,0.5695564184705508,0.7712506175760879,"{'accuracy': {'mean': 0.7973939823663899, 'std': 0.00689320725909417}, 'balanced_accuracy': {'mean': 0.7951333148971337, 'std': 0.006953182417819202}, 'brier_score': {'mean': 0.14265206666941932, 'std': 0.004171922295905946}, 'cohen_kappa': {'mean': 0.5894399951150701, 'std': 0.013913491177681632}, 'f1': {'mean': 0.7712506175760879, 'std': 0.007727845522148821}, 'mean_absolute_stage_error': {'mean': 0.20260601763360997, 'std': 0.006893207259094203}, 'precision': {'mean': 0.7662953243094272, 'std': 0.00847018941700032}, 'quadratic_weighted_kappa': {'mean': 0.5894399951150701, 'std': 0.013913491177681632}, 'recall': {'mean': 0.7763151831656556, 'std': 0.00904427634891213}, 'roc_auc': {'mean': 0.8747888532589394, 'std': 0.0062873792036516295}}",0.7763151831656556,COMPLETE
26,0.769964464191179,0.16453907233556783,0.7698869438827938,"{'accuracy': {'mean': 0.7961209605624039, 'std': 0.006825249924284835}, 'balanced_accuracy': {'mean': 0.7938778880646206, 'std': 0.006942908852718571}, 'brier_score': {'mean': 0.14307737394198036, 'std': 0.00406314351341967}, 'cohen_kappa': {'mean': 0.5868885701846568, 'std': 0.013822252583847873}, 'f1': {'mean': 0.7698869438827938, 'std': 0.0077495827897512545}, 'mean_absolute_stage_error': {'mean': 0.20387903943759608, 'std': 0.00682524992428487}, 'precision': {'mean': 0.7646763529820287, 'std': 0.007969423742464682}, 'quadratic_weighted_kappa': {'mean': 0.5868885701846568, 'std': 0.013822252583847873}, 'recall': {'mean': 0.7752030838521397, 'std': 0.009106973622228792}, 'roc_auc': {'mean': 0.8741742986484671, 'std': 0.006260359006754953}}",0.7752030838521397,COMPLETE
27,0.773574331313471,2.424115879202722,0.7734963881645627,"{'accuracy': {'mean': 0.799156624253381, 'std': 0.007421286834522858}, 'balanced_accuracy': {'mean': 0.797041118205652, 'std': 0.007407607000598448}, 'brier_score': {'mean': 0.1424584610308859, 'std': 0.0042228198361072946}, 'cohen_kappa': {'mean': 0.5931113703228279, 'std': 0.014913894171981312}, 'f1': {'mean': 0.7734963881645627, 'std': 0.00815654954930522}, 'mean_absolute_stage_error': {'mean': 0.2008433757466191, 'std': 0.007421286834522866}, 'precision': {'mean': 0.7677060792722767, 'std': 0.009501708479173091}, 'quadratic_weighted_kappa': {'mean': 0.5931113703228279, 'std': 0.014913894171981312}, 'recall': {'mean': 0.7794314890833913, 'std': 0.009235235273570007}, 'roc_auc': {'mean': 0.8750570180376214, 'std': 0.006319284403410219}}",0.7794314890833913,COMPLETE
28,0.7698767003868204,0.09146658543443034,0.7697990687941823,"{'accuracy': {'mean': 0.7957291877906115, 'std': 0.007936230922163995}, 'balanced_accuracy': {'mean': 0.7936476725192664, 'std': 0.00810683599615297}, 'brier_score': {'mean': 0.14340212483946957, 'std': 0.004000551483429322}, 'cohen_kappa': {'mean': 0.5862316403992451, 'std': 0.01610741110785039}, 'f1': {'mean': 0.7697990687941823, 'std': 0.009060831514040349}, 'mean_absolute_stage_error': {'mean': 0.20427081220938845, 'std': 0.007936230922164014}, 'precision': {'mean': 0.7634106039165847, 'std': 0.008811858794261383}, 'quadratic_weighted_kappa': {'mean': 0.5862316403992451, 'std': 0.01610741110785039}, 'recall': {'mean': 0.7763159263819488, 'std': 0.010135472804192977}, 'roc_auc': {'mean': 0.8736911001394312, 'std': 0.00623591397662558}}",0.7763159263819488,COMPLETE
29,0.7694364064153074,0.048659019423513965,0.7693588193908729,"{'accuracy': {'mean': 0.7953373670779513, 'std': 0.0080868160356396}, 'balanced_accuracy': {'mean': 0.7932500063258384, 'std': 0.008240434240370114}, 'brier_score': {'mean': 0.1439164177986187, 'std': 0.003938605677389344}, 'cohen_kappa': {'mean': 0.5854384787525232, 'std': 0.016398220867982077}, 'f1': {'mean': 0.7693588193908729, 'std': 0.009195908056478085}, 'mean_absolute_stage_error': {'mean': 0.20466263292204862, 'std': 0.0080868160356396}, 'precision': {'mean': 0.762976682941109, 'std': 0.009090493953061893}, 'quadratic_weighted_kappa': {'mean': 0.5854384787525232, 'std': 0.016398220867982077}, 'recall': {'mean': 0.7758702443447434, 'std': 0.0101629727398119}, 'roc_auc': {'mean': 0.8729391584870999, 'std': 0.006243421939000974}}",0.7758702443447434,COMPLETE
30,0.7728649409377388,1.8408389745834282,0.7727870868261424,"{'accuracy': {'mean': 0.7985690130365601, 'std': 0.00805019688047765}, 'balanced_accuracy': {'mean': 0.7964210299946959, 'std': 0.00801344981100101}, 'brier_score': {'mean': 0.14247548634591584, 'std': 0.004239951315308133}, 'cohen_kappa': {'mean': 0.5919027940449599, 'std': 0.016164025387367456}, 'f1': {'mean': 0.7727870868261424, 'std': 0.008793097920780093}, 'mean_absolute_stage_error': {'mean': 0.2014309869634398, 'std': 0.008050196880477636}, 'precision': {'mean': 0.7671713033677102, 'std': 0.010286602595324814}, 'quadratic_weighted_kappa': {'mean': 0.5919027940449599, 'std': 0.016164025387367456}, 'recall': {'mean': 0.7785411159640383, 'std': 0.009491398516514862}, 'roc_auc': {'mean': 0.875055814920372, 'std': 0.006366002804990843}}",0.7785411159640383,COMPLETE
31,0.773087866206897,4.847191417026604,0.773009989749264,"{'accuracy': {'mean': 0.798764995304192, 'std': 0.007627173336707338}, 'balanced_accuracy': {'mean': 0.7966201727648653, 'std': 0.0075616472638018375}, 'brier_score': {'mean': 0.14243933287651642, 'std': 0.004295081020908641}, 'cohen_kappa': {'mean': 0.5923005189672229, 'std': 0.015288921175918138}, 'f1': {'mean': 0.773009989749264, 'std': 0.008265231177757964}, 'mean_absolute_stage_error': {'mean': 0.20123500469580796, 'std': 0.0076271733367073435}, 'precision': {'mean': 0.767389588331184, 'std': 0.009879818587732458}, 'quadratic_weighted_kappa': {'mean': 0.5923005189672229, 'std': 0.015288921175918138}, 'recall': {'mean': 0.7787645763295521, 'std': 0.008775235007486802}, 'roc_auc': {'mean': 0.8750927872724343, 'std': 0.006437001315657105}}",0.7787645763295521,COMPLETE
32,0.7717249462155217,0.7082439171820025,0.7716472924007163,"{'accuracy': {'mean': 0.797785611315579, 'std': 0.007317279210212398}, 'balanced_accuracy': {'mean': 0.7955070351033641, 'std': 0.007338007093316906}, 'brier_score': {'mean': 0.14262221879327014, 'std': 0.004180354105408884}, 'cohen_kappa': {'mean': 0.5902156279102277, 'std': 0.014740436618406893}, 'f1': {'mean': 0.7716472924007163, 'std': 0.008098628783295921}, 'mean_absolute_stage_error': {'mean': 0.20221438868442107, 'std': 0.00731727921021241}, 'precision': {'mean': 0.7668505415242074, 'std': 0.008979514449471593}, 'quadratic_weighted_kappa': {'mean': 0.5902156279102277, 'std': 0.014740436618406893}, 'recall': {'mean': 0.7765381480536405, 'std': 0.008710188357545404}, 'roc_auc': {'mean': 0.8748324225042042, 'std': 0.006307739282688291}}",0.7765381480536405,COMPLETE
33,0.7715504396532705,22.86145932700113,0.7714727189242249,"{'accuracy': {'mean': 0.797394270011597, 'std': 0.007362152629397903}, 'balanced_accuracy': {'mean': 0.7952294887634721, 'std': 0.007191233893824195}, 'brier_score': {'mean': 0.14256365263823034, 'std': 0.004279350823001582}, 'cohen_kappa': {'mean': 0.5895262020944421, 'std': 0.01467414610203321}, 'f1': {'mean': 0.7714727189242249, 'std': 0.007733603033826594}, 'mean_absolute_stage_error': {'mean': 0.20260572998840307, 'std': 0.007362152629397917}, 'precision': {'mean': 0.7658570660231441, 'std': 0.009826430144505412}, 'quadratic_weighted_kappa': {'mean': 0.5895262020944421, 'std': 0.01467414610203321}, 'recall': {'mean': 0.7772072904563596, 'std': 0.006997256302810284}, 'roc_auc': {'mean': 0.8748494313978974, 'std': 0.006341742327841402}}",0.7772072904563596,COMPLETE
34,0.7737263091757296,3.204888885341095,0.7736482992116764,"{'accuracy': {'mean': 0.799156576312513, 'std': 0.007738765621592392}, 'balanced_accuracy': {'mean': 0.7971128796907905, 'std': 0.007717490817876568}, 'brier_score': {'mean': 0.14245755943769814, 'std': 0.004251292921082084}, 'cohen_kappa': {'mean': 0.5931701401037188, 'std': 0.015544815624509186}, 'f1': {'mean': 0.7736482992116764, 'std': 0.008471632125304973}, 'mean_absolute_stage_error': {'mean': 0.2008434236874869, 'std': 0.007738765621592377}, 'precision': {'mean': 0.7673542657640876, 'std': 0.009822699647961002}, 'quadratic_weighted_kappa': {'mean': 0.5931701401037188, 'std': 0.015544815624509186}, 'recall': {'mean': 0.7800996405310527, 'std': 0.009309427562047378}, 'roc_auc': {'mean': 0.8750640288781935, 'std': 0.0063669799298040975}}",0.7800996405310527,COMPLETE
35,0.7736194530339195,5.8360898586427945,0.7735415320576307,"{'accuracy': {'mean': 0.7992546153871968, 'std': 0.007525807342392046}, 'balanced_accuracy': {'mean': 0.7971050038069414, 'std': 0.007388814130741782}, 'brier_score': {'mean': 0.1424670276858259, 'std': 0.004280949678970209}, 'cohen_kappa': {'mean': 0.5932848043461486, 'std': 0.01503049242852313}, 'f1': {'mean': 0.7735415320576307, 'std': 0.0080239737582685}, 'mean_absolute_stage_error': {'mean': 0.20074538461280317, 'std': 0.007525807342392038}, 'precision': {'mean': 0.7680126292411625, 'std': 0.01016128240065847}, 'quadratic_weighted_kappa': {'mean': 0.5932848043461486, 'std': 0.01503049242852313}, 'recall': {'mean': 0.7792097628892286, 'std': 0.00831649005234431}, 'roc_auc': {'mean': 0.875013431486345, 'std': 0.006418612884629951}}",0.7792097628892286,COMPLETE
36,0.7734282663036767,7.2384890006914,0.7733503898708176,"{'accuracy': {'mean': 0.79915686395772, 'std': 0.007264322052625466}, 'balanced_accuracy': {'mean': 0.7969698521980424, 'std': 0.0072080202157057465}, 'brier_score': {'mean': 0.14247552701790056, 'std': 0.004285035615503971}, 'cohen_kappa': {'mean': 0.5930548097174635, 'std': 0.014573136883290445}, 'f1': {'mean': 0.7733503898708176, 'std': 0.007904560566545467}, 'mean_absolute_stage_error': {'mean': 0.20084313604228, 'std': 0.0072643220526254805}, 'precision': {'mean': 0.7680568899860869, 'std': 0.009424074519131983}, 'quadratic_weighted_kappa': {'mean': 0.5930548097174635, 'std': 0.014573136883290445}, 'recall': {'mean': 0.7787643285907876, 'std': 0.008436328137969091}, 'roc_auc': {'mean': 0.8750285910691373, 'std': 0.006437837354058837}}",0.7787643285907876,COMPLETE
37,0.7727774355996255,7.516340561926431,0.7726996258828157,"{'accuracy': {'mean': 0.7985692048000315, 'std': 0.007931402760133904}, 'balanced_accuracy': {'mean': 0.796373728283685, 'std': 0.007747858013170762}, 'brier_score': {'mean': 0.14249183111490188, 'std': 0.00431236177223606}, 'cohen_kappa': {'mean': 0.5918689347899405, 'std': 0.015810917284610308}, 'f1': {'mean': 0.7726996258828157, 'std': 0.008346052712787093}, 'mean_absolute_stage_error': {'mean': 0.20143079519996854, 'std': 0.007931402760133934}, 'precision': {'mean': 0.7674226238198595, 'std': 0.010661627233921849}, 'quadratic_weighted_kappa': {'mean': 0.5918689347899405, 'std': 0.015810917284610308}, 'recall': {'mean': 0.7780971680981839, 'std': 0.007754393560032521}, 'roc_auc': {'mean': 0.8749861835963836, 'std': 0.006455024963583627}}",0.7780971680981839,COMPLETE
38,0.7721485794207248,17.178317166633605,0.772070858716453,"{'accuracy': {'mean': 0.7980797285396302, 'std': 0.007897355969986756}, 'balanced_accuracy': {'mean': 0.7958413294824325, 'std': 0.007726496921905724}, 'brier_score': {'mean': 0.14252487215725843, 'std': 0.004299739480633415}, 'cohen_kappa': {'mean': 0.5908474765386924, 'std': 0.015756353799019334}, 'f1': {'mean': 0.772070858716453, 'std': 0.008340940030923649}, 'mean_absolute_stage_error': {'mean': 0.2019202714603699, 'std': 0.007897355969986747}, 'precision': {'mean': 0.7670453478624542, 'std': 0.010561987398018984}, 'quadratic_weighted_kappa': {'mean': 0.5908474765386924, 'std': 0.015756353799019334}, 'recall': {'mean': 0.7772070427175952, 'std': 0.007743715542245685}, 'roc_auc': {'mean': 0.8749383158461981, 'std': 0.006422498351093365}}",0.7772070427175952,COMPLETE
39,0.7718053689231525,44.301431644392494,0.7717276482188807,"{'accuracy': {'mean': 0.7976880516495732, 'std': 0.007974524973927881}, 'balanced_accuracy': {'mean': 0.7954915261798733, 'std': 0.007830824612278795}, 'brier_score': {'mean': 0.14254747241286642, 'std': 0.0042436752191573005}, 'cohen_kappa': {'mean': 0.5900920690456236, 'std': 0.0159247643929285}, 'f1': {'mean': 0.7717276482188807, 'std': 0.008464218438759174}, 'mean_absolute_stage_error': {'mean': 0.20231194835042662, 'std': 0.007974524973927866}, 'precision': {'mean': 0.7663696278721728, 'std': 0.010509310518182201}, 'quadratic_weighted_kappa': {'mean': 0.5900920690456236, 'std': 0.0159247643929285}, 'recall': {'mean': 0.7772070427175952, 'std': 0.008148501120823506}, 'roc_auc': {'mean': 0.8748943528253743, 'std': 0.006331178770590096}}",0.7772070427175952,COMPLETE
40,0.7722753719092296,99.26866770500916,0.7721975176242161,"{'accuracy': {'mean': 0.7978838900946017, 'std': 0.007804396734421413}, 'balanced_accuracy': {'mean': 0.7958097795391199, 'std': 0.0076826482525351875}, 'brier_score': {'mean': 0.14252653966587342, 'std': 0.004215295712730793}, 'cohen_kappa': {'mean': 0.5905856895502669, 'std': 0.015596616994765139}, 'f1': {'mean': 0.7721975176242161, 'std': 0.008326351348297062}, 'mean_absolute_stage_error': {'mean': 0.2021161099053983, 'std': 0.0078043967344214255}, 'precision': {'mean': 0.7660040090844147, 'std': 0.0102662629573487}, 'quadratic_weighted_kappa': {'mean': 0.5905856895502669, 'std': 0.015596616994765139}, 'recall': {'mean': 0.7785428501353893, 'std': 0.008395091288049276}, 'roc_auc': {'mean': 0.8749084360512974, 'std': 0.006221159783420685}}",0.7785428501353893,COMPLETE
41,0.7734550678193509,3.617289606421995,0.7733771023739537,"{'accuracy': {'mean': 0.7989607378674847, 'std': 0.007819854140296746}, 'balanced_accuracy': {'mean': 0.7968902864109524, 'std': 0.007807576628868452}, 'brier_score': {'mean': 0.1424498228869739, 'std': 0.004250067519818501}, 'cohen_kappa': {'mean': 0.5927538164829442, 'std': 0.015716105711375484}, 'f1': {'mean': 0.7733771023739537, 'std': 0.008579391061571753}, 'mean_absolute_stage_error': {'mean': 0.20103926213251527, 'std': 0.00781985414029673}, 'precision': {'mean': 0.7672507138644068, 'std': 0.009868443536720263}, 'quadratic_weighted_kappa': {'mean': 0.5927538164829442, 'std': 0.015716105711375484}, 'recall': {'mean': 0.7796544539713762, 'std': 0.00942679501708582}, 'roc_auc': {'mean': 0.8750482562909141, 'std': 0.0063541999442890415}}",0.7796544539713762,COMPLETE
42,0.7730052071397465,6.580423884990657,0.7729273306573397,"{'accuracy': {'mean': 0.7986673397564508, 'std': 0.007162096811028784}, 'balanced_accuracy': {'mean': 0.7965329605232893, 'std': 0.007046738667257088}, 'brier_score': {'mean': 0.14246922281581437, 'std': 0.004258636747260207}, 'cohen_kappa': {'mean': 0.592113207665733, 'std': 0.014317294023560176}, 'f1': {'mean': 0.7729273306573397, 'std': 0.007664100518475868}, 'mean_absolute_stage_error': {'mean': 0.20133266024354918, 'std': 0.007162096811028777}, 'precision': {'mean': 0.7672246054788466, 'std': 0.009565462798250867}, 'quadratic_weighted_kappa': {'mean': 0.592113207665733, 'std': 0.014317294023560176}, 'recall': {'mean': 0.7787648240683165, 'std': 0.007907479881905127}, 'roc_auc': {'mean': 0.8750210139842032, 'std': 0.006378824113248815}}",0.7787648240683165,COMPLETE
43,0.7711465161863776,0.6763851581059533,0.7710689291371693,"{'accuracy': {'mean': 0.7972960391734419, 'std': 0.007407086745747971}, 'balanced_accuracy': {'mean': 0.7949983054670181, 'std': 0.007424622402877525}, 'brier_score': {'mean': 0.14262116652622586, 'std': 0.004171943410392789}, 'cohen_kappa': {'mean': 0.5892138484618542, 'std': 0.014916390132915654}, 'f1': {'mean': 0.7710689291371693, 'std': 0.008193485199992781}, 'mean_absolute_stage_error': {'mean': 0.2027039608265581, 'std': 0.007407086745747978}, 'precision': {'mean': 0.7663645859176593, 'std': 0.009150813629503393}, 'quadratic_weighted_kappa': {'mean': 0.5892138484618542, 'std': 0.014916390132915654}, 'recall': {'mean': 0.7758704920835078, 'std': 0.008939053321549265}, 'roc_auc': {'mean': 0.8748491664338323, 'std': 0.006295758994527964}}",0.7758704920835078,COMPLETE
44,0.7730990339631552,3.6242603299274534,0.773021113036414,"{'accuracy': {'mean': 0.7986669562295082, 'std': 0.007976707628098517}, 'balanced_accuracy': {'mean': 0.7965802805437013, 'std': 0.007964960043134376}, 'brier_score': {'mean': 0.14243279616012397, 'std': 0.0042694288973411714}, 'cohen_kappa': {'mean': 0.5921491149699889, 'std': 0.016033063234670446}, 'f1': {'mean': 0.773021113036414, 'std': 0.008753384593047003}, 'mean_absolute_stage_error': {'mean': 0.20133304377049172, 'std': 0.007976707628098505}, 'precision': {'mean': 0.7669816994143934, 'std': 0.010051718191266568}, 'quadratic_weighted_kappa': {'mean': 0.5921491149699889, 'std': 0.016033063234670446}, 'recall': {'mean': 0.7792092674116997, 'std': 0.009573821628844088}, 'roc_auc': {'mean': 0.8750908453779823, 'std': 0.006391668977382976}}",0.7792092674116997,COMPLETE
45,0.7719401854047516,20.609395257131286,0.7718624424783127,"{'accuracy': {'mean': 0.7977859469016536, 'std': 0.007778018068426738}, 'balanced_accuracy': {'mean': 0.7956026370157191, 'std': 0.007626111336214053}, 'brier_score': {'mean': 0.1425261056758223, 'std': 0.004261410851786106}, 'cohen_kappa': {'mean': 0.5903000223723982, 'std': 0.015521333468497215}, 'f1': {'mean': 0.7718624424783127, 'std': 0.00824021391639567}, 'mean_absolute_stage_error': {'mean': 0.20221405309834636, 'std': 0.007778018068426721}, 'precision': {'mean': 0.766424831121111, 'std': 0.010379042482635083}, 'quadratic_weighted_kappa': {'mean': 0.5903000223723982, 'std': 0.015521333468497215}, 'recall': {'mean': 0.7774292643892868, 'std': 0.008115750802630868}, 'roc_auc': {'mean': 0.8749311274766767, 'std': 0.0063574266524201355}}",0.7774292643892868,COMPLETE
46,0.7726135274664864,1.415608433390867,0.7725356733548899,"{'accuracy': {'mean': 0.798275135516848, 'std': 0.007905292209069935}, 'balanced_accuracy': {'mean': 0.7961587922324581, 'std': 0.007828180421393466}, 'brier_score': {'mean': 0.14250842937767405, 'std': 0.004225143225863232}, 'cohen_kappa': {'mean': 0.5913377644200093, 'std': 0.01584730077038918}, 'f1': {'mean': 0.7725356733548899, 'std': 0.00854250589399458}, 'mean_absolute_stage_error': {'mean': 0.2017248644831519, 'std': 0.007905292209069905}, 'precision': {'mean': 0.7666589994459204, 'std': 0.010119633961858998}, 'quadratic_weighted_kappa': {'mean': 0.5913377644200093, 'std': 0.01584730077038918}, 'recall': {'mean': 0.7785411159640383, 'std': 0.008442323479795896}, 'roc_auc': {'mean': 0.8749916203545933, 'std': 0.006352280012918921}}",0.7785411159640383,COMPLETE
47,0.7715310252268476,12.164745064491994,0.7714533490412318,"{'accuracy': {'mean': 0.7974922611454127, 'std': 0.006757312766182768}, 'balanced_accuracy': {'mean': 0.7952690858529439, 'std': 0.006596166962749471}, 'brier_score': {'mean': 0.14253780647137415, 'std': 0.00426278915482857}, 'cohen_kappa': {'mean': 0.5896745508203859, 'std': 0.013463420200793184}, 'f1': {'mean': 0.7714533490412318, 'std': 0.007105837233274873}, 'mean_absolute_stage_error': {'mean': 0.2025077388545872, 'std': 0.006757312766182769}, 'precision': {'mean': 0.7662563196829463, 'std': 0.009162348802383218}, 'quadratic_weighted_kappa': {'mean': 0.5896745508203859, 'std': 0.013463420200793184}, 'recall': {'mean': 0.7767618561579186, 'std': 0.006835567817514323}, 'roc_auc': {'mean': 0.8748912433305651, 'std': 0.006336561100572957}}",0.7767618561579186,COMPLETE
48,0.7737614239409958,2.9481004794646495,0.7736834362734315,"{'accuracy': {'mean': 0.7992544715645934, 'std': 0.00785988010702509}, 'balanced_accuracy': {'mean': 0.7971762988980776, 'std': 0.007846944587265254}, 'brier_score': {'mean': 0.1424441302400279, 'std': 0.004236550446732539}, 'cohen_kappa': {'mean': 0.5933391240230869, 'std': 0.01580019968073726}, 'f1': {'mean': 0.7736834362734315, 'std': 0.008629534976836708}, 'mean_absolute_stage_error': {'mean': 0.20074552843540663, 'std': 0.007859880107025066}, 'precision': {'mean': 0.7676366717329899, 'std': 0.009914455788934578}, 'quadratic_weighted_kappa': {'mean': 0.5933391240230869, 'std': 0.01580019968073726}, 'recall': {'mean': 0.7798766756430678, 'std': 0.009393056499418864}, 'roc_auc': {'mean': 0.8750817344957639, 'std': 0.0063369972147526415}}",0.7798766756430678,COMPLETE
49,0.7720428418070188,1.0065747899924264,0.7719650543866977,"{'accuracy': {'mean': 0.7977857071973146, 'std': 0.007722550922731789}, 'balanced_accuracy': {'mean': 0.7956504342042588, 'std': 0.007566512052601016}, 'brier_score': {'mean': 0.14253873230201752, 'std': 0.004206618055225219}, 'cohen_kappa': {'mean': 0.5903387996072995, 'std': 0.01541629537313139}, 'f1': {'mean': 0.7719650543866977, 'std': 0.008164591982512372}, 'mean_absolute_stage_error': {'mean': 0.20221429280268546, 'std': 0.007722550922731769}, 'precision': {'mean': 0.766176883888021, 'std': 0.01017160002423783}, 'quadratic_weighted_kappa': {'mean': 0.5903387996072995, 'std': 0.01541629537313139}, 'recall': {'mean': 0.7778742032101988, 'std': 0.00730646616898757}, 'roc_auc': {'mean': 0.8749875071103694, 'std': 0.006331921537976912}}",0.7778742032101988,COMPLETE
