number,value,params_max_depth,params_max_features,params_min_samples_leaf,params_min_samples_split,params_n_estimators,user_attrs_f1,user_attrs_metrics,user_attrs_recall,state
0,0.7978261862552399,,log2,7,2,200,0.7977425897572751,"{'accuracy': {'mean': 0.8135513012829456, 'std': 0.006588517085592774}, 'balanced_accuracy': {'mean': 0.8159542577762131, 'std': 0.007220111744693775}, 'brier_score': {'mean': 0.1380320755463413, 'std': 0.0010747521949991995}, 'cohen_kappa': {'mean': 0.625477382968161, 'std': 0.013587782051493594}, 'f1': {'mean': 0.7977425897572751, 'std': 0.008110033033198273}, 'mean_absolute_stage_error': {'mean': 0.18644869871705444, 'std': 0.006588517085592785}, 'precision': {'mean': 0.7629712808137956, 'std': 0.006232147025196225}, 'quadratic_weighted_kappa': {'mean': 0.625477382968161, 'std': 0.013587782051493594}, 'recall': {'mean': 0.8359649796482606, 'std': 0.014588539307299609}, 'roc_auc': {'mean': 0.8943919877055235, 'std': 0.0030936010873456473}}",0.8359649796482606,COMPLETE
1,0.8005159604502811,,log2,4,7,320,0.8004330981756924,"{'accuracy': {'mean': 0.8182519513131723, 'std': 0.005983903442340274}, 'balanced_accuracy': {'mean': 0.8193645546698687, 'std': 0.006580684308111107}, 'brier_score': {'mean': 0.1350689040804185, 'std': 0.0012646598166359579}, 'cohen_kappa': {'mean': 0.633936208420468, 'std': 0.01239008187656581}, 'f1': {'mean': 0.8004330981756924, 'std': 0.0074763808725498895}, 'mean_absolute_stage_error': {'mean': 0.18174804868682773, 'std': 0.005983903442340247}, 'precision': {'mean': 0.774179809263596, 'std': 0.00531160191524808}, 'quadratic_weighted_kappa': {'mean': 0.633936208420468, 'std': 0.01239008187656581}, 'recall': {'mean': 0.8286227458869171, 'std': 0.012947496350857119}, 'roc_auc': {'mean': 0.8981362999661568, 'std': 0.003381487059058319}}",0.8286227458869171,COMPLETE
2,0.7925077472663139,10.0,sqrt,1,8,160,0.7924244847945251,"{'accuracy': {'mean': 0.8081654803698924, 'std': 0.00657473028263596}, 'balanced_accuracy': {'mean': 0.8107870880641395, 'std': 0.007586425033344876}, 'brier_score': {'mean': 0.14039400412997266, 'std': 0.0018453713791198375}, 'cohen_kappa': {'mean': 0.6148749878139157, 'std': 0.013860758910684685}, 'f1': {'mean': 0.7924244847945251, 'std': 0.0087461402579328}, 'mean_absolute_stage_error': {'mean': 0.19183451963010745, 'std': 0.006574730282635957}, 'precision': {'mean': 0.7560407659696604, 'std': 0.0037614467521369533}, 'quadratic_weighted_kappa': {'mean': 0.6148749878139157, 'std': 0.013860758910684685}, 'recall': {'mean': 0.8326247178874819, 'std': 0.016652572841461336}, 'roc_auc': {'mean': 0.8915407960886395, 'std': 0.0046530554950375315}}",0.8326247178874819,COMPLETE
3,0.8001213584749515,,,1,6,320,0.8000400987728821,"{'accuracy': {'mean': 0.8212875670632813, 'std': 0.005892425597153887}, 'balanced_accuracy': {'mean': 0.8203565651528958, 'std': 0.005845498018036889}, 'brier_score': {'mean': 0.13355245749252442, 'std': 0.0020527762994671213}, 'cohen_kappa': {'mean': 0.6385678809598684, 'std': 0.011775753685362106}, 'f1': {'mean': 0.8000400987728821, 'std': 0.0064080359201423584}, 'mean_absolute_stage_error': {'mean': 0.17871243293671854, 'std': 0.00589242559715389}, 'precision': {'mean': 0.7879764681454944, 'std': 0.00891976610722286}, 'quadratic_weighted_kappa': {'mean': 0.6385678809598684, 'std': 0.011775753685362106}, 'recall': {'mean': 0.8125970206936189, 'std': 0.00971886625823779}, 'roc_auc': {'mean': 0.8947923071173041, 'std': 0.004104892671755854}}",0.8125970206936189,COMPLETE
4,0.8004634836204804,,sqrt,7,12,160,0.8003800202325536,"{'accuracy': {'mean': 0.8168814657249163, 'std': 0.004627953800116006}, 'balanced_accuracy': {'mean': 0.8187858993701715, 'std': 0.0054601559664068985}, 'brier_score': {'mean': 0.13628024499548902, 'std': 0.0011895073794825196}, 'cohen_kappa': {'mean': 0.6317669692116415, 'std': 0.009837411667181535}, 'f1': {'mean': 0.8003800202325536, 'std': 0.0064030561042903045}, 'mean_absolute_stage_error': {'mean': 0.18311853427508376, 'std': 0.004627953800116005}, 'precision': {'mean': 0.7689265236508402, 'std': 0.0031979458605279503}, 'quadratic_weighted_kappa': {'mean': 0.6317669692116415, 'std': 0.009837411667181535}, 'recall': {'mean': 0.8346338792669906, 'std': 0.013332255601161951}, 'roc_auc': {'mean': 0.8958915963054599, 'std': 0.003005547659436048}}",0.8346338792669906,COMPLETE
5,0.8018637158389114,18.0,,7,4,320,0.8017802304765562,"{'accuracy': {'mean': 0.8183497986243846, 'std': 0.007071112214245254}, 'balanced_accuracy': {'mean': 0.8201188594478817, 'std': 0.006566431497558255}, 'brier_score': {'mean': 0.13440961615321206, 'std': 0.0019354540701441772}, 'cohen_kappa': {'mean': 0.6346376431428407, 'std': 0.013756716121590264}, 'f1': {'mean': 0.8017802304765562, 'std': 0.0066819642503519305}, 'mean_absolute_stage_error': {'mean': 0.18165020137561524, 'std': 0.007071112214245253}, 'precision': {'mean': 0.7713453310152636, 'std': 0.011208005952853187}, 'quadratic_weighted_kappa': {'mean': 0.6346376431428407, 'std': 0.013756716121590264}, 'recall': {'mean': 0.834853623551038, 'std': 0.007609521078996997}, 'roc_auc': {'mean': 0.8945543682898418, 'std': 0.0038453484365803025}}",0.834853623551038,COMPLETE
6,0.7944924496419149,10.0,,7,2,120,0.7944079181035315,"{'accuracy': {'mean': 0.8074809327183476, 'std': 0.0043929226955751275}, 'balanced_accuracy': {'mean': 0.8115360270552049, 'std': 0.003753892132952856}, 'brier_score': {'mean': 0.13903743689203543, 'std': 0.0020828461190663347}, 'cohen_kappa': {'mean': 0.6146383274359739, 'std': 0.008215567596560976}, 'f1': {'mean': 0.7944079181035315, 'std': 0.0035192353555896045}, 'mean_absolute_stage_error': {'mean': 0.1925190672816521, 'std': 0.004392922695575133}, 'precision': {'mean': 0.7494027003377172, 'std': 0.008397466259786827}, 'quadratic_weighted_kappa': {'mean': 0.6146383274359739, 'std': 0.008215567596560976}, 'recall': {'mean': 0.8453153838340548, 'std': 0.007567745357606009}, 'roc_auc': {'mean': 0.8887011646180945, 'std': 0.004120849321089898}}",0.8453153838340548,COMPLETE
7,0.788718297674838,10.0,log2,3,2,120,0.7886348568806867,"{'accuracy': {'mean': 0.8032697110076548, 'std': 0.004479202536914931}, 'balanced_accuracy': {'mean': 0.8066079285663859, 'std': 0.00519337293313003}, 'brier_score': {'mean': 0.1437079619767172, 'std': 0.0017831528572306115}, 'cohen_kappa': {'mean': 0.6056751743354662, 'std': 0.00941428764442937}, 'f1': {'mean': 0.7886348568806867, 'std': 0.0060860547490665514}, 'mean_absolute_stage_error': {'mean': 0.19673028899234526, 'std': 0.004479202536914939}, 'precision': {'mean': 0.7477641718801675, 'std': 0.00506104760585318}, 'quadratic_weighted_kappa': {'mean': 0.6056751743354662, 'std': 0.00941428764442937}, 'recall': {'mean': 0.8344079415138325, 'std': 0.014213907199989367}, 'roc_auc': {'mean': 0.8882335946204734, 'std': 0.004209395513371026}}",0.8344079415138325,COMPLETE
8,0.8019669991248582,14.0,sqrt,4,10,320,0.8018834692438471,"{'accuracy': {'mean': 0.8184476459355972, 'std': 0.007068385233514005}, 'balanced_accuracy': {'mean': 0.8202538871873986, 'std': 0.007603935296227666}, 'brier_score': {'mean': 0.13477092949785946, 'std': 0.0012949050382535313}, 'cohen_kappa': {'mean': 0.6348313514276964, 'std': 0.014484600145875496}, 'f1': {'mean': 0.8018834692438471, 'std': 0.00844080081123013}, 'mean_absolute_stage_error': {'mean': 0.1815523540644028, 'std': 0.007068385233514014}, 'precision': {'mean': 0.7711261676298339, 'std': 0.00671384768714275}, 'quadratic_weighted_kappa': {'mean': 0.6348313514276964, 'std': 0.014484600145875496}, 'recall': {'mean': 0.8352988101107144, 'std': 0.013846257743195128}, 'roc_auc': {'mean': 0.8982186220792814, 'std': 0.0033829757235327032}}",0.8352988101107144,COMPLETE
9,0.8016376312561995,18.0,sqrt,4,4,120,0.8015547692293495,"{'accuracy': {'mean': 0.8195249251762906, 'std': 0.00803636131604498}, 'balanced_accuracy': {'mean': 0.8204996031359558, 'std': 0.00856375358535242}, 'brier_score': {'mean': 0.1342710391445659, 'std': 0.0017381472685449656}, 'cohen_kappa': {'mean': 0.6363859488252798, 'std': 0.01646732669329838}, 'f1': {'mean': 0.8015547692293495, 'std': 0.009540205350229808}, 'mean_absolute_stage_error': {'mean': 0.18047507482370945, 'std': 0.008036361316044956}, 'precision': {'mean': 0.7762348931453563, 'std': 0.0067748680750906835}, 'quadratic_weighted_kappa': {'mean': 0.6363859488252798, 'std': 0.01646732669329838}, 'recall': {'mean': 0.8286202684992728, 'std': 0.013318954816027883}, 'roc_auc': {'mean': 0.8977477291653064, 'std': 0.003866876291520855}}",0.8286202684992728,COMPLETE
10,0.8024685194965243,14.0,sqrt,5,12,240,0.8023847668735902,"{'accuracy': {'mean': 0.8185459247146201, 'std': 0.0061134448053595785}, 'balanced_accuracy': {'mean': 0.8205814188513507, 'std': 0.0067590061749993584}, 'brier_score': {'mean': 0.1353813833102529, 'std': 0.0012066543163007262}, 'cohen_kappa': {'mean': 0.6351921208441663, 'std': 0.012653305108109924}, 'f1': {'mean': 0.8023847668735902, 'std': 0.007663031569283231}, 'mean_absolute_stage_error': {'mean': 0.18145407528538, 'std': 0.006113444805359591}, 'precision': {'mean': 0.7701838447409071, 'std': 0.0057102378948449125}, 'quadratic_weighted_kappa': {'mean': 0.6351921208441663, 'std': 0.012653305108109924}, 'recall': {'mean': 0.8375262293416839, 'std': 0.014144639788941015}, 'roc_auc': {'mean': 0.8974289662687586, 'std': 0.002968816550945297}}",0.8375262293416839,COMPLETE
11,0.8024685194965243,14.0,sqrt,5,12,240,0.8023847668735902,"{'accuracy': {'mean': 0.8185459247146201, 'std': 0.0061134448053595785}, 'balanced_accuracy': {'mean': 0.8205814188513507, 'std': 0.0067590061749993584}, 'brier_score': {'mean': 0.13538138331025287, 'std': 0.001206654316300734}, 'cohen_kappa': {'mean': 0.6351921208441663, 'std': 0.012653305108109924}, 'f1': {'mean': 0.8023847668735902, 'std': 0.007663031569283231}, 'mean_absolute_stage_error': {'mean': 0.18145407528538, 'std': 0.006113444805359591}, 'precision': {'mean': 0.7701838447409071, 'std': 0.0057102378948449125}, 'quadratic_weighted_kappa': {'mean': 0.6351921208441663, 'std': 0.012653305108109924}, 'recall': {'mean': 0.8375262293416839, 'std': 0.014144639788941015}, 'roc_auc': {'mean': 0.8974289662687586, 'std': 0.002968816550945297}}",0.8375262293416839,COMPLETE
12,0.8024685194965243,14.0,sqrt,5,12,240,0.8023847668735902,"{'accuracy': {'mean': 0.8185459247146201, 'std': 0.0061134448053595785}, 'balanced_accuracy': {'mean': 0.8205814188513507, 'std': 0.0067590061749993584}, 'brier_score': {'mean': 0.1353813833102529, 'std': 0.0012066543163007349}, 'cohen_kappa': {'mean': 0.6351921208441663, 'std': 0.012653305108109924}, 'f1': {'mean': 0.8023847668735902, 'std': 0.007663031569283231}, 'mean_absolute_stage_error': {'mean': 0.18145407528538, 'std': 0.006113444805359591}, 'precision': {'mean': 0.7701838447409071, 'std': 0.0057102378948449125}, 'quadratic_weighted_kappa': {'mean': 0.6351921208441663, 'std': 0.012653305108109924}, 'recall': {'mean': 0.8375262293416839, 'std': 0.014144639788941015}, 'roc_auc': {'mean': 0.8974289662687586, 'std': 0.002968816550945297}}",0.8375262293416839,COMPLETE
13,0.7980909049738578,14.0,sqrt,5,10,240,0.7980077755625594,"{'accuracy': {'mean': 0.8149226498068224, 'std': 0.006167338972684058}, 'balanced_accuracy': {'mean': 0.8166784179563029, 'std': 0.007083624647243115}, 'brier_score': {'mean': 0.13526139447599225, 'std': 0.0011161730540559804}, 'cohen_kappa': {'mean': 0.6277334986269262, 'std': 0.012960403232182487}, 'f1': {'mean': 0.7980077755625594, 'std': 0.008202886296767926}, 'mean_absolute_stage_error': {'mean': 0.18507735019317773, 'std': 0.006167338972684064}, 'precision': {'mean': 0.7674441440398934, 'std': 0.00525288670536343}, 'quadratic_weighted_kappa': {'mean': 0.6277334986269262, 'std': 0.012960403232182487}, 'recall': {'mean': 0.8312941129837409, 'std': 0.016587364939937357}, 'roc_auc': {'mean': 0.8974178645112806, 'std': 0.0030421480014441197}}",0.8312941129837409,COMPLETE
14,0.7651806547447624,6.0,sqrt,6,10,240,0.7650968357526132,"{'accuracy': {'mean': 0.7735999229110846, 'std': 0.006125408523772985}, 'balanced_accuracy': {'mean': 0.7805216901843333, 'std': 0.006671976942222124}, 'brier_score': {'mean': 0.1608462610286292, 'std': 0.0013815552704809927}, 'cohen_kappa': {'mean': 0.5497806762867059, 'std': 0.012530293527195306}, 'f1': {'mean': 0.7650968357526132, 'std': 0.0073227227614876}, 'mean_absolute_stage_error': {'mean': 0.22640007708891546, 'std': 0.006125408523773003}, 'precision': {'mean': 0.7038151345214416, 'std': 0.005524804774817427}, 'quadratic_weighted_kappa': {'mean': 0.5497806762867059, 'std': 0.012530293527195306}, 'recall': {'mean': 0.8381899214915854, 'std': 0.013939097535485348}, 'roc_auc': {'mean': 0.8669753932259223, 'std': 0.0042241913788797795}}",0.8381899214915854,COMPLETE
15,0.7992677750745025,14.0,sqrt,3,12,280,0.7991844454655086,"{'accuracy': {'mean': 0.8158040426616194, 'std': 0.005280268426728911}, 'balanced_accuracy': {'mean': 0.8176793299575185, 'std': 0.00600058534826653}, 'brier_score': {'mean': 0.13535307908784497, 'std': 0.001047220743344281}, 'cohen_kappa': {'mean': 0.629591619943842, 'std': 0.011039515505102196}, 'f1': {'mean': 0.7991844454655086, 'std': 0.006896810968313768}, 'mean_absolute_stage_error': {'mean': 0.18419595733838054, 'std': 0.005280268426728897}, 'precision': {'mean': 0.7678713297501994, 'std': 0.004856730391947734}, 'quadratic_weighted_kappa': {'mean': 0.629591619943842, 'std': 0.011039515505102196}, 'recall': {'mean': 0.8332960899390811, 'std': 0.013901979239802152}, 'roc_auc': {'mean': 0.8971205680868193, 'std': 0.0029557643452854253}}",0.8332960899390811,COMPLETE
16,0.7975326979585776,14.0,sqrt,8,11,200,0.797449123484589,"{'accuracy': {'mean': 0.813258286698854, 'std': 0.004633978835947288}, 'balanced_accuracy': {'mean': 0.815669006814782, 'std': 0.005436441582741974}, 'brier_score': {'mean': 0.13686908351941676, 'std': 0.0012154505706391174}, 'cohen_kappa': {'mean': 0.6248977258984003, 'std': 0.009819886472485738}, 'f1': {'mean': 0.797449123484589, 'std': 0.006322941738209068}, 'mean_absolute_stage_error': {'mean': 0.18674171330114583, 'std': 0.004633978835947281}, 'precision': {'mean': 0.7625972024955795, 'std': 0.003069145364205194}, 'quadratic_weighted_kappa': {'mean': 0.6248977258984003, 'std': 0.009819886472485738}, 'recall': {'mean': 0.8357447398866842, 'std': 0.012999307706442214}, 'roc_auc': {'mean': 0.8958649863990111, 'std': 0.0035008964637570144}}",0.8357447398866842,COMPLETE
17,0.763907551706608,6.0,sqrt,5,9,280,0.7638240441716334,"{'accuracy': {'mean': 0.7728166650127068, 'std': 0.007321588774334673}, 'balanced_accuracy': {'mean': 0.7794888798356163, 'std': 0.00762677565679987}, 'brier_score': {'mean': 0.16062402430019013, 'std': 0.0014361593932456886}, 'cohen_kappa': {'mean': 0.5480176833815884, 'std': 0.014709564959207042}, 'f1': {'mean': 0.7638240441716334, 'std': 0.008023589776421721}, 'mean_absolute_stage_error': {'mean': 0.22718333498729323, 'std': 0.007321588774334639}, 'precision': {'mean': 0.7038211989864995, 'std': 0.006875020050474771}, 'quadratic_weighted_kappa': {'mean': 0.5480176833815884, 'std': 0.014709564959207042}, 'recall': {'mean': 0.8350753497452008, 'std': 0.012010027882715388}, 'roc_auc': {'mean': 0.8672114176855563, 'std': 0.004406491932849924}}",0.8350753497452008,COMPLETE
18,0.7997975198880809,14.0,,2,11,200,0.799714524330037,"{'accuracy': {'mean': 0.8170765371160595, 'std': 0.009017824716742177}, 'balanced_accuracy': {'mean': 0.8184567806082083, 'std': 0.008785307200298713}, 'brier_score': {'mean': 0.13497086124216137, 'std': 0.0021550278862831943}, 'cohen_kappa': {'mean': 0.6318028175391388, 'std': 0.017833178848360512}, 'f1': {'mean': 0.799714524330037, 'std': 0.009243256104411526}, 'mean_absolute_stage_error': {'mean': 0.1829234628839404, 'std': 0.00901782471674216}, 'precision': {'mean': 0.7717474781158612, 'std': 0.012572657043481135}, 'quadratic_weighted_kappa': {'mean': 0.6318028175391388, 'std': 0.017833178848360512}, 'recall': {'mean': 0.829955580439538, 'std': 0.01170677483498626}, 'roc_auc': {'mean': 0.892405363110002, 'std': 0.004144461021016828}}",0.829955580439538,COMPLETE
19,0.7972861213084772,14.0,log2,6,11,280,0.797202613723955,"{'accuracy': {'mean': 0.8131601517424348, 'std': 0.006374138734896655}, 'balanced_accuracy': {'mean': 0.8155092317047211, 'std': 0.0074349060864809325}, 'brier_score': {'mean': 0.13773225017465057, 'std': 0.0012203518595643179}, 'cohen_kappa': {'mean': 0.6246443383585965, 'std': 0.013480224424025368}, 'f1': {'mean': 0.797202613723955, 'std': 0.008584134304286787}, 'mean_absolute_stage_error': {'mean': 0.18683984825756522, 'std': 0.006374138734896644}, 'precision': {'mean': 0.7627417325856477, 'std': 0.003360090906070425}, 'quadratic_weighted_kappa': {'mean': 0.6246443383585965, 'std': 0.013480224424025368}, 'recall': {'mean': 0.8350758452227295, 'std': 0.016870366481146745}, 'roc_auc': {'mean': 0.8953682668490052, 'std': 0.003354556053615596}}",0.8350758452227295,COMPLETE
20,0.7996677932519515,14.0,sqrt,6,9,240,0.7995843523339307,"{'accuracy': {'mean': 0.8159996414023087, 'std': 0.005396655494453866}, 'balanced_accuracy': {'mean': 0.8179736373295674, 'std': 0.005821657646739965}, 'brier_score': {'mean': 0.13542643779577185, 'std': 0.0012153139143152398}, 'cohen_kappa': {'mean': 0.6300618837765802, 'std': 0.011048074850333135}, 'f1': {'mean': 0.7995843523339307, 'std': 0.0065389999198911105}, 'mean_absolute_stage_error': {'mean': 0.18400035859769126, 'std': 0.005396655494453861}, 'precision': {'mean': 0.7676729152461736, 'std': 0.006628111873189011}, 'quadratic_weighted_kappa': {'mean': 0.6300618837765802, 'std': 0.011048074850333135}, 'recall': {'mean': 0.8344091802076546, 'std': 0.012805385345375299}, 'roc_auc': {'mean': 0.8974761996268695, 'std': 0.0032028533006884185}}",0.8344091802076546,COMPLETE
21,0.8024685194965243,14.0,sqrt,5,12,240,0.8023847668735902,"{'accuracy': {'mean': 0.8185459247146201, 'std': 0.0061134448053595785}, 'balanced_accuracy': {'mean': 0.8205814188513507, 'std': 0.0067590061749993584}, 'brier_score': {'mean': 0.1353813833102529, 'std': 0.0012066543163007262}, 'cohen_kappa': {'mean': 0.6351921208441663, 'std': 0.012653305108109924}, 'f1': {'mean': 0.8023847668735902, 'std': 0.007663031569283231}, 'mean_absolute_stage_error': {'mean': 0.18145407528538, 'std': 0.006113444805359591}, 'precision': {'mean': 0.7701838447409071, 'std': 0.0057102378948449125}, 'quadratic_weighted_kappa': {'mean': 0.6351921208441663, 'std': 0.012653305108109924}, 'recall': {'mean': 0.8375262293416839, 'std': 0.014144639788941015}, 'roc_auc': {'mean': 0.8974289662687586, 'std': 0.002968816550945297}}",0.8375262293416839,COMPLETE
22,0.8021998363162267,14.0,sqrt,5,12,280,0.8021160393232798,"{'accuracy': {'mean': 0.8181539122384885, 'std': 0.006910072539191045}, 'balanced_accuracy': {'mean': 0.8202788698668746, 'std': 0.007668634588529181}, 'brier_score': {'mean': 0.13531683225384689, 'std': 0.0011748347320706175}, 'cohen_kappa': {'mean': 0.6344681383433499, 'std': 0.014326440185866164}, 'f1': {'mean': 0.8021160393232798, 'std': 0.00865042783218205}, 'mean_absolute_stage_error': {'mean': 0.18184608776151143, 'std': 0.006910072539191052}, 'precision': {'mean': 0.76930401297154, 'std': 0.005463146582115197}, 'quadratic_weighted_kappa': {'mean': 0.6344681383433499, 'std': 0.014326440185866164}, 'recall': {'mean': 0.8379699294687738, 'std': 0.015248515545968738}, 'roc_auc': {'mean': 0.8976252259538395, 'std': 0.0029959063385697404}}",0.8379699294687738,COMPLETE
23,0.8025178110438754,14.0,sqrt,3,11,240,0.802434526052633,"{'accuracy': {'mean': 0.8196221971970893, 'std': 0.008932192880083656}, 'balanced_accuracy': {'mean': 0.8210407690957029, 'std': 0.009531267481809743}, 'brier_score': {'mean': 0.13453104013979011, 'std': 0.0014262430507332525}, 'cohen_kappa': {'mean': 0.6368976448327903, 'std': 0.018273921409526016}, 'f1': {'mean': 0.802434526052633, 'std': 0.010573255158454954}, 'mean_absolute_stage_error': {'mean': 0.18037780280291077, 'std': 0.008932192880083673}, 'precision': {'mean': 0.7742575190559632, 'std': 0.008270050524424078}, 'quadratic_weighted_kappa': {'mean': 0.6368976448327903, 'std': 0.018273921409526016}, 'recall': {'mean': 0.8328499124243468, 'std': 0.016076794424219446}, 'roc_auc': {'mean': 0.8985677858407621, 'std': 0.003476712860502961}}",0.8328499124243468,COMPLETE
24,0.802047604916685,14.0,sqrt,3,11,200,0.8019643422219314,"{'accuracy': {'mean': 0.8191325291732167, 'std': 0.00892815334352867}, 'balanced_accuracy': {'mean': 0.8205793303962423, 'std': 0.009509108610520197}, 'brier_score': {'mean': 0.13477649898097452, 'std': 0.001312816810893193}, 'cohen_kappa': {'mean': 0.6359382525680762, 'std': 0.018252037004106818}, 'f1': {'mean': 0.8019643422219314, 'std': 0.010526942428119444}, 'mean_absolute_stage_error': {'mean': 0.1808674708267834, 'std': 0.008928153343528688}, 'precision': {'mean': 0.7735712531207802, 'std': 0.008344589832653114}, 'quadratic_weighted_kappa': {'mean': 0.6359382525680762, 'std': 0.018252037004106818}, 'recall': {'mean': 0.8326269475363619, 'std': 0.015882545163694056}, 'roc_auc': {'mean': 0.8979018654271357, 'std': 0.0032827453330512403}}",0.8326269475363619,COMPLETE
25,0.7633583639825203,6.0,sqrt,2,9,240,0.763274923361786,"{'accuracy': {'mean': 0.7723267093436272, 'std': 0.00693553407384384}, 'balanced_accuracy': {'mean': 0.7789792540300683, 'std': 0.007444126143556905}, 'brier_score': {'mean': 0.1608542100119694, 'std': 0.0013507304554230106}, 'cohen_kappa': {'mean': 0.5470262214472139, 'std': 0.014125742157053752}, 'f1': {'mean': 0.763274923361786, 'std': 0.008066895839328167}, 'mean_absolute_stage_error': {'mean': 0.22767329065637282, 'std': 0.006935534073843834}, 'precision': {'mean': 0.7033774706489797, 'std': 0.005955525807042421}, 'quadratic_weighted_kappa': {'mean': 0.5470262214472139, 'std': 0.014125742157053752}, 'recall': {'mean': 0.8344062073424816, 'std': 0.013450481455744285}, 'roc_auc': {'mean': 0.8666549740525994, 'std': 0.004279004630720796}}",0.8344062073424816,COMPLETE
26,0.8023734606532615,18.0,sqrt,4,10,280,0.802290309019796,"{'accuracy': {'mean': 0.8197204280352441, 'std': 0.007247945994234573}, 'balanced_accuracy': {'mean': 0.8209856388937705, 'std': 0.007581498902971202}, 'brier_score': {'mean': 0.133956320235231, 'std': 0.0013796804445795742}, 'cohen_kappa': {'mean': 0.636994575982745, 'std': 0.014708867154196567}, 'f1': {'mean': 0.802290309019796, 'std': 0.008366794483602615}, 'mean_absolute_stage_error': {'mean': 0.1802795719647558, 'std': 0.0072479459942345935}, 'precision': {'mean': 0.7751751643504209, 'std': 0.008625302973963548}, 'quadratic_weighted_kappa': {'mean': 0.636994575982745, 'std': 0.014708867154196567}, 'recall': {'mean': 0.8315163346554325, 'std': 0.013662393963754576}, 'roc_auc': {'mean': 0.8989548122337077, 'std': 0.0035319214629891942}}",0.8315163346554325,COMPLETE
27,0.8009203333159192,14.0,sqrt,2,11,160,0.8008373822022096,"{'accuracy': {'mean': 0.8185455411876774, 'std': 0.007069553490220661}, 'balanced_accuracy': {'mean': 0.8197213376870749, 'std': 0.007907564228229984}, 'brier_score': {'mean': 0.13492535351254625, 'std': 0.0013206222415669527}, 'cohen_kappa': {'mean': 0.6345612156481863, 'std': 0.014726757217231797}, 'f1': {'mean': 0.8008373822022096, 'std': 0.009013288622847938}, 'mean_absolute_stage_error': {'mean': 0.18145445881232253, 'std': 0.007069553490220649}, 'precision': {'mean': 0.7741831354097237, 'std': 0.005091256426111898}, 'quadratic_weighted_kappa': {'mean': 0.6345612156481863, 'std': 0.014726757217231797}, 'recall': {'mean': 0.8295111370961548, 'std': 0.015815853922382835}, 'roc_auc': {'mean': 0.8974826969772088, 'std': 0.0032843985300982483}}",0.8295111370961548,COMPLETE
28,0.8001173220779333,14.0,log2,3,11,200,0.8000337700738506,"{'accuracy': {'mean': 0.8162935189220208, 'std': 0.00463784724387382}, 'balanced_accuracy': {'mean': 0.8183545483704069, 'std': 0.005467908507879213}, 'brier_score': {'mean': 0.1368965280185684, 'std': 0.0011913734272090567}, 'cohen_kappa': {'mean': 0.630705777235651, 'std': 0.009836477998039004}, 'f1': {'mean': 0.8000337700738506, 'std': 0.006413337115766152}, 'mean_absolute_stage_error': {'mean': 0.1837064810779792, 'std': 0.004637847243873824}, 'precision': {'mean': 0.7675706226287804, 'std': 0.004370546123283281}, 'quadratic_weighted_kappa': {'mean': 0.630705777235651, 'std': 0.009836477998039004}, 'recall': {'mean': 0.8355200408273482, 'std': 0.014256559072430546}, 'roc_auc': {'mean': 0.8959623116187867, 'std': 0.003168939466896196}}",0.8355200408273482,COMPLETE
29,0.7999044566397282,14.0,,8,12,200,0.7998207485602239,"{'accuracy': {'mean': 0.8156082042165911, 'std': 0.006270186928954491}, 'balanced_accuracy': {'mean': 0.8179100021077614, 'std': 0.005533144020759174}, 'brier_score': {'mean': 0.13559966022786513, 'std': 0.0020261880550884507}, 'cohen_kappa': {'mean': 0.6295468143003348, 'std': 0.011973901524070745}, 'f1': {'mean': 0.7998207485602239, 'std': 0.005378407178628123}, 'mean_absolute_stage_error': {'mean': 0.18439179578340892, 'std': 0.006270186928954501}, 'precision': {'mean': 0.7658696451324097, 'std': 0.011081231604575682}, 'quadratic_weighted_kappa': {'mean': 0.6295468143003348, 'std': 0.011973901524070745}, 'recall': {'mean': 0.8370807950432428, 'std': 0.006371772632484954}, 'roc_auc': {'mean': 0.8929253629992353, 'std': 0.003966638003945133}}",0.8370807950432428,COMPLETE
30,0.7907921341938488,10.0,log2,6,8,240,0.790708025595084,"{'accuracy': {'mean': 0.8041517270937335, 'std': 0.003740963874459532}, 'balanced_accuracy': {'mean': 0.8081109049154056, 'std': 0.004635588629910696}, 'brier_score': {'mean': 0.1439439243179806, 'std': 0.001416672771271835}, 'cohen_kappa': {'mean': 0.6079123649334889, 'std': 0.008110844436917876}, 'f1': {'mean': 0.790708025595084, 'std': 0.005519937982240006}, 'mean_absolute_stage_error': {'mean': 0.1958482729062665, 'std': 0.0037409638744595277}, 'precision': {'mean': 0.7461133163256839, 'std': 0.0021993643074991304}, 'quadratic_weighted_kappa': {'mean': 0.6079123649334889, 'std': 0.008110844436917876}, 'recall': {'mean': 0.8410859876477452, 'std': 0.012789207811932261}, 'roc_auc': {'mean': 0.889101899013885, 'std': 0.0038626753112178786}}",0.8410859876477452,COMPLETE
31,0.8024685194965243,14.0,sqrt,5,12,240,0.8023847668735902,"{'accuracy': {'mean': 0.8185459247146201, 'std': 0.0061134448053595785}, 'balanced_accuracy': {'mean': 0.8205814188513507, 'std': 0.0067590061749993584}, 'brier_score': {'mean': 0.1353813833102529, 'std': 0.0012066543163007262}, 'cohen_kappa': {'mean': 0.6351921208441663, 'std': 0.012653305108109924}, 'f1': {'mean': 0.8023847668735902, 'std': 0.007663031569283231}, 'mean_absolute_stage_error': {'mean': 0.18145407528538, 'std': 0.006113444805359591}, 'precision': {'mean': 0.7701838447409071, 'std': 0.0057102378948449125}, 'quadratic_weighted_kappa': {'mean': 0.6351921208441663, 'std': 0.012653305108109924}, 'recall': {'mean': 0.8375262293416839, 'std': 0.014144639788941015}, 'roc_auc': {'mean': 0.8974289662687586, 'std': 0.002968816550945297}}",0.8375262293416839,COMPLETE
32,0.8015337232091129,14.0,sqrt,4,12,240,0.801450282291092,"{'accuracy': {'mean': 0.8181539122384885, 'std': 0.006502981774537238}, 'balanced_accuracy': {'mean': 0.819897173111371, 'std': 0.007138486243107947}, 'brier_score': {'mean': 0.13501846771368886, 'std': 0.0011882726191411684}, 'cohen_kappa': {'mean': 0.6341959099562202, 'std': 0.01343130385248114}, 'f1': {'mean': 0.801450282291092, 'std': 0.008044649389857281}, 'mean_absolute_stage_error': {'mean': 0.18184608776151145, 'std': 0.006502981774537227}, 'precision': {'mean': 0.7710941484876255, 'std': 0.005852920976177832}, 'quadratic_weighted_kappa': {'mean': 0.6341959099562202, 'std': 0.01343130385248114}, 'recall': {'mean': 0.8344091802076546, 'std': 0.014128666286153382}, 'roc_auc': {'mean': 0.8979302506391814, 'std': 0.0031226910429097924}}",0.8344091802076546,COMPLETE
33,0.8021316749939037,,sqrt,5,10,280,0.8020484120761852,"{'accuracy': {'mean': 0.8192307120705038, 'std': 0.00792625087256021}, 'balanced_accuracy': {'mean': 0.8206680107610037, 'std': 0.008540999741539193}, 'brier_score': {'mean': 0.13449959436836875, 'std': 0.0009731298753181804}, 'cohen_kappa': {'mean': 0.6361283606526935, 'std': 0.016271701167114284}, 'f1': {'mean': 0.8020484120761852, 'std': 0.009557614901350457}, 'mean_absolute_stage_error': {'mean': 0.18076928792949626, 'std': 0.007926250872560225}, 'precision': {'mean': 0.773760038406159, 'std': 0.007787696145998145}, 'quadratic_weighted_kappa': {'mean': 0.6361283606526935, 'std': 0.016271701167114284}, 'recall': {'mean': 0.8326291771852417, 'std': 0.015874834526610482}, 'roc_auc': {'mean': 0.8981636152291215, 'std': 0.002637423164190209}}",0.8326291771852417,COMPLETE
34,0.8000350053507749,14.0,sqrt,6,11,200,0.7999515421114914,"{'accuracy': {'mean': 0.816391462114969, 'std': 0.005849554871930654}, 'balanced_accuracy': {'mean': 0.8183474049287256, 'std': 0.006533068259916674}, 'brier_score': {'mean': 0.13562800697894956, 'std': 0.0012702989248232386}, 'cohen_kappa': {'mean': 0.6308253516528369, 'std': 0.012146698117604403}, 'f1': {'mean': 0.7999515421114914, 'std': 0.007436628525736159}, 'mean_absolute_stage_error': {'mean': 0.1836085378850311, 'std': 0.0058495548719306525}, 'precision': {'mean': 0.7681640583601483, 'std': 0.0057190272739488365}, 'quadratic_weighted_kappa': {'mean': 0.6308253516528369, 'std': 0.012146698117604403}, 'recall': {'mean': 0.8346323928344039, 'std': 0.014487734234304436}, 'roc_auc': {'mean': 0.8970249074979479, 'std': 0.003311274548185515}}",0.8346323928344039,COMPLETE
35,0.8017637622580384,,sqrt,4,12,240,0.801680700008719,"{'accuracy': {'mean': 0.8192309038339751, 'std': 0.006927904619974237}, 'balanced_accuracy': {'mean': 0.8204524527221467, 'std': 0.0073792968223652085}, 'brier_score': {'mean': 0.13436488777059286, 'std': 0.0011684332821027058}, 'cohen_kappa': {'mean': 0.6359790274340307, 'std': 0.014166020249321966}, 'f1': {'mean': 0.801680700008719, 'std': 0.008254362837351035}, 'mean_absolute_stage_error': {'mean': 0.18076909616602496, 'std': 0.0069279046199742424}, 'precision': {'mean': 0.7748010798062409, 'std': 0.007632735533993875}, 'quadratic_weighted_kappa': {'mean': 0.6359790274340307, 'std': 0.014166020249321966}, 'recall': {'mean': 0.8306224931933774, 'std': 0.013830642677771596}, 'roc_auc': {'mean': 0.8984055696251854, 'std': 0.0030886926418827606}}",0.8306224931933774,COMPLETE
36,0.8021026126762433,18.0,sqrt,5,8,280,0.802019416672765,"{'accuracy': {'mean': 0.8193284634999806, 'std': 0.008754888334110188}, 'balanced_accuracy': {'mean': 0.8206831663857489, 'std': 0.009241286618632664}, 'brier_score': {'mean': 0.13441289062357603, 'std': 0.0009329188568190635}, 'cohen_kappa': {'mean': 0.6362676631879932, 'std': 0.017846959706009302}, 'f1': {'mean': 0.802019416672765, 'std': 0.010198925058202156}, 'mean_absolute_stage_error': {'mean': 0.18067153650001944, 'std': 0.008754888334110198}, 'precision': {'mean': 0.7742353255903103, 'std': 0.008468851395171844}, 'quadratic_weighted_kappa': {'mean': 0.6362676631879932, 'std': 0.017846959706009302}, 'recall': {'mean': 0.8319600347825226, 'std': 0.014765791460903416}, 'roc_auc': {'mean': 0.8983566827428009, 'std': 0.002494329133980189}}",0.8319600347825226,COMPLETE
37,0.7998837953338074,14.0,,1,11,200,0.7998009332574098,"{'accuracy': {'mean': 0.8174684057695876, 'std': 0.008396388276314136}, 'balanced_accuracy': {'mean': 0.8186635747274202, 'std': 0.00816383332434736}, 'brier_score': {'mean': 0.13529095459479684, 'std': 0.0021436964239183844}, 'cohen_kappa': {'mean': 0.6324511501743307, 'std': 0.016610045751141177}, 'f1': {'mean': 0.7998009332574098, 'std': 0.008599310735167596}, 'mean_absolute_stage_error': {'mean': 0.18253159423041246, 'std': 0.00839638827631412}, 'precision': {'mean': 0.7730324485552471, 'std': 0.011675862301176263}, 'quadratic_weighted_kappa': {'mean': 0.6324511501743307, 'std': 0.016610045751141177}, 'recall': {'mean': 0.8286207639768017, 'std': 0.010270356366561328}, 'roc_auc': {'mean': 0.891678730971865, 'std': 0.004141380865978711}}",0.8286207639768017,COMPLETE
38,0.7921492326976773,10.0,log2,7,6,160,0.7920649461233842,"{'accuracy': {'mean': 0.8053263262960935, 'std': 0.004055939212621806}, 'balanced_accuracy': {'mean': 0.8093511976714247, 'std': 0.004549103172092773}, 'brier_score': {'mean': 0.144253155349716, 'std': 0.0011541437183651734}, 'cohen_kappa': {'mean': 0.6103074888201341, 'std': 0.008408455845678306}, 'f1': {'mean': 0.7920649461233842, 'std': 0.005202870105264777}, 'mean_absolute_stage_error': {'mean': 0.19467367370390665, 'std': 0.004055939212621818}, 'precision': {'mean': 0.7471268634149687, 'std': 0.004599999250046746}, 'quadratic_weighted_kappa': {'mean': 0.6103074888201341, 'std': 0.008408455845678306}, 'recall': {'mean': 0.8428657429313937, 'std': 0.011387248462738031}, 'roc_auc': {'mean': 0.8885441520010502, 'std': 0.0032265659122022116}}",0.8428657429313937,COMPLETE
39,0.8032946883993427,,sqrt,4,10,240,0.8032116257784152,"{'accuracy': {'mean': 0.8209931621940234, 'std': 0.00952920504209308}, 'balanced_accuracy': {'mean': 0.8220268960953078, 'std': 0.010180620103250144}, 'brier_score': {'mean': 0.1339233358749584, 'std': 0.001370985857399283}, 'cohen_kappa': {'mean': 0.6393648819999349, 'std': 0.019528567964346082}, 'f1': {'mean': 0.8032116257784152, 'std': 0.011352573714565916}, 'mean_absolute_stage_error': {'mean': 0.17900683780597657, 'std': 0.00952920504209307}, 'precision': {'mean': 0.7776531219513398, 'std': 0.008764773862431513}, 'quadratic_weighted_kappa': {'mean': 0.6393648819999349, 'std': 0.019528567964346082}, 'recall': {'mean': 0.8306262092748439, 'std': 0.01708599236161954}, 'roc_auc': {'mean': 0.8988985996195169, 'std': 0.003337917930581185}}",0.8306262092748439,COMPLETE
40,0.8034177614146201,,,4,9,320,0.803334899214353,"{'accuracy': {'mean': 0.8214837890352523, 'std': 0.006281133695806912}, 'balanced_accuracy': {'mean': 0.822249257305064, 'std': 0.0059733933279008}, 'brier_score': {'mean': 0.13336180537947065, 'std': 0.0020303753384822553}, 'cohen_kappa': {'mean': 0.6401861391213167, 'std': 0.012331775519104487}, 'f1': {'mean': 0.803334899214353, 'std': 0.0062641380866869534}, 'mean_absolute_stage_error': {'mean': 0.17851621096474765, 'std': 0.006281133695806942}, 'precision': {'mean': 0.7796619209760427, 'std': 0.00997675116056065}, 'quadratic_weighted_kappa': {'mean': 0.6401861391213167, 'std': 0.012331775519104487}, 'recall': {'mean': 0.8286220026706239, 'std': 0.008679265263473993}, 'roc_auc': {'mean': 0.8955390553348769, 'std': 0.003983679678992106}}",0.8286220026706239,COMPLETE
41,0.8034177614146201,,,4,9,320,0.803334899214353,"{'accuracy': {'mean': 0.8214837890352523, 'std': 0.006281133695806912}, 'balanced_accuracy': {'mean': 0.822249257305064, 'std': 0.0059733933279008}, 'brier_score': {'mean': 0.13336180537947065, 'std': 0.0020303753384822553}, 'cohen_kappa': {'mean': 0.6401861391213167, 'std': 0.012331775519104487}, 'f1': {'mean': 0.803334899214353, 'std': 0.0062641380866869534}, 'mean_absolute_stage_error': {'mean': 0.17851621096474765, 'std': 0.006281133695806942}, 'precision': {'mean': 0.7796619209760427, 'std': 0.00997675116056065}, 'quadratic_weighted_kappa': {'mean': 0.6401861391213167, 'std': 0.012331775519104487}, 'recall': {'mean': 0.8286220026706239, 'std': 0.008679265263473993}, 'roc_auc': {'mean': 0.8955390553348769, 'std': 0.003983679678992106}}",0.8286220026706239,COMPLETE
42,0.801001593992391,,,4,8,320,0.8009189988792859,"{'accuracy': {'mean': 0.8193290867312623, 'std': 0.006474933215294939}, 'balanced_accuracy': {'mean': 0.8200391602861096, 'std': 0.006108087153123138}, 'brier_score': {'mean': 0.13331047255609146, 'std': 0.0019130244476462525}, 'cohen_kappa': {'mean': 0.6358277429800304, 'std': 0.012667867876025482}, 'f1': {'mean': 0.8009189988792859, 'std': 0.006382020157060335}, 'mean_absolute_stage_error': {'mean': 0.1806709132687378, 'std': 0.0064749332152949455}, 'precision': {'mean': 0.7775146013949437, 'std': 0.010855299050692668}, 'quadratic_weighted_kappa': {'mean': 0.6358277429800304, 'std': 0.012667867876025482}, 'recall': {'mean': 0.825951131051329, 'std': 0.009641862571411954}, 'roc_auc': {'mean': 0.8954999137879817, 'std': 0.0037595875995532413}}",0.825951131051329,COMPLETE
43,0.7999630314866446,,,3,7,320,0.799881015116067,"{'accuracy': {'mean': 0.8194270299242102, 'std': 0.0069350497043741514}, 'balanced_accuracy': {'mean': 0.8195061228435329, 'std': 0.0067299630810535}, 'brier_score': {'mean': 0.1331974779482268, 'std': 0.002116872079442468}, 'cohen_kappa': {'mean': 0.6355637396632141, 'std': 0.013743564103298534}, 'f1': {'mean': 0.799881015116067, 'std': 0.007158333401067203}, 'mean_absolute_stage_error': {'mean': 0.1805729700757897, 'std': 0.006935049704374167}, 'precision': {'mean': 0.7806628487490607, 'std': 0.010005730994657295}, 'quadratic_weighted_kappa': {'mean': 0.6355637396632141, 'std': 0.013743564103298534}, 'recall': {'mean': 0.8201637057755338, 'std': 0.008481281454880479}, 'roc_auc': {'mean': 0.8954938551967428, 'std': 0.004192576608027575}}",0.8201637057755338,COMPLETE
44,0.8034177614146201,,,4,9,320,0.803334899214353,"{'accuracy': {'mean': 0.8214837890352523, 'std': 0.006281133695806912}, 'balanced_accuracy': {'mean': 0.822249257305064, 'std': 0.0059733933279008}, 'brier_score': {'mean': 0.13336180537947065, 'std': 0.0020303753384822553}, 'cohen_kappa': {'mean': 0.6401861391213167, 'std': 0.012331775519104487}, 'f1': {'mean': 0.803334899214353, 'std': 0.0062641380866869534}, 'mean_absolute_stage_error': {'mean': 0.17851621096474765, 'std': 0.006281133695806942}, 'precision': {'mean': 0.7796619209760427, 'std': 0.00997675116056065}, 'quadratic_weighted_kappa': {'mean': 0.6401861391213167, 'std': 0.012331775519104487}, 'recall': {'mean': 0.8286220026706239, 'std': 0.008679265263473993}, 'roc_auc': {'mean': 0.8955390553348769, 'std': 0.003983679678992106}}",0.8286220026706239,COMPLETE
45,0.8034177614146201,,,4,9,320,0.803334899214353,"{'accuracy': {'mean': 0.8214837890352523, 'std': 0.006281133695806912}, 'balanced_accuracy': {'mean': 0.822249257305064, 'std': 0.0059733933279008}, 'brier_score': {'mean': 0.13336180537947065, 'std': 0.0020303753384822553}, 'cohen_kappa': {'mean': 0.6401861391213167, 'std': 0.012331775519104487}, 'f1': {'mean': 0.803334899214353, 'std': 0.0062641380866869534}, 'mean_absolute_stage_error': {'mean': 0.17851621096474765, 'std': 0.006281133695806942}, 'precision': {'mean': 0.7796619209760427, 'std': 0.00997675116056065}, 'quadratic_weighted_kappa': {'mean': 0.6401861391213167, 'std': 0.012331775519104487}, 'recall': {'mean': 0.8286220026706239, 'std': 0.008679265263473993}, 'roc_auc': {'mean': 0.8955390553348769, 'std': 0.003983679678992106}}",0.8286220026706239,COMPLETE
46,0.8034177614146201,,,4,9,320,0.803334899214353,"{'accuracy': {'mean': 0.8214837890352523, 'std': 0.006281133695806912}, 'balanced_accuracy': {'mean': 0.822249257305064, 'std': 0.0059733933279008}, 'brier_score': {'mean': 0.13336180537947065, 'std': 0.0020303753384822553}, 'cohen_kappa': {'mean': 0.6401861391213167, 'std': 0.012331775519104487}, 'f1': {'mean': 0.803334899214353, 'std': 0.0062641380866869534}, 'mean_absolute_stage_error': {'mean': 0.17851621096474765, 'std': 0.006281133695806942}, 'precision': {'mean': 0.7796619209760427, 'std': 0.00997675116056065}, 'quadratic_weighted_kappa': {'mean': 0.6401861391213167, 'std': 0.012331775519104487}, 'recall': {'mean': 0.8286220026706239, 'std': 0.008679265263473993}, 'roc_auc': {'mean': 0.8955390553348769, 'std': 0.003983679678992106}}",0.8286220026706239,COMPLETE
47,0.801001593992391,,,4,7,320,0.8009189988792859,"{'accuracy': {'mean': 0.8193290867312623, 'std': 0.006474933215294939}, 'balanced_accuracy': {'mean': 0.8200391602861096, 'std': 0.006108087153123138}, 'brier_score': {'mean': 0.1333104725560915, 'std': 0.0019130244476462466}, 'cohen_kappa': {'mean': 0.6358277429800304, 'std': 0.012667867876025482}, 'f1': {'mean': 0.8009189988792859, 'std': 0.006382020157060335}, 'mean_absolute_stage_error': {'mean': 0.1806709132687378, 'std': 0.0064749332152949455}, 'precision': {'mean': 0.7775146013949437, 'std': 0.010855299050692668}, 'quadratic_weighted_kappa': {'mean': 0.6358277429800304, 'std': 0.012667867876025482}, 'recall': {'mean': 0.825951131051329, 'std': 0.009641862571411954}, 'roc_auc': {'mean': 0.8954999137879817, 'std': 0.0037595875995532413}}",0.825951131051329,COMPLETE
48,0.8034177614146201,,,4,9,320,0.803334899214353,"{'accuracy': {'mean': 0.8214837890352523, 'std': 0.006281133695806912}, 'balanced_accuracy': {'mean': 0.822249257305064, 'std': 0.0059733933279008}, 'brier_score': {'mean': 0.13336180537947065, 'std': 0.0020303753384822553}, 'cohen_kappa': {'mean': 0.6401861391213167, 'std': 0.012331775519104487}, 'f1': {'mean': 0.803334899214353, 'std': 0.0062641380866869534}, 'mean_absolute_stage_error': {'mean': 0.17851621096474765, 'std': 0.006281133695806942}, 'precision': {'mean': 0.7796619209760427, 'std': 0.00997675116056065}, 'quadratic_weighted_kappa': {'mean': 0.6401861391213167, 'std': 0.012331775519104487}, 'recall': {'mean': 0.8286220026706239, 'std': 0.008679265263473993}, 'roc_auc': {'mean': 0.8955390553348769, 'std': 0.003983679678992106}}",0.8286220026706239,COMPLETE
49,0.7999092028452749,,,3,9,320,0.7998269415106071,"{'accuracy': {'mean': 0.8188400898795389, 'std': 0.006762913798447361}, 'balanced_accuracy': {'mean': 0.8192450822617584, 'std': 0.006684133938473441}, 'brier_score': {'mean': 0.13345179867827076, 'std': 0.0020786162633893487}, 'cohen_kappa': {'mean': 0.6346187641089648, 'std': 0.013467067980103893}, 'f1': {'mean': 0.7998269415106071, 'std': 0.007211377512092606}, 'mean_absolute_stage_error': {'mean': 0.181159910120461, 'std': 0.006762913798447366}, 'precision': {'mean': 0.778381464828479, 'std': 0.0096221938091425}, 'quadratic_weighted_kappa': {'mean': 0.6346187641089648, 'std': 0.013467067980103893}, 'recall': {'mean': 0.8226133466781947, 'std': 0.010300319180986915}, 'roc_auc': {'mean': 0.8951565704143991, 'std': 0.004107128285787272}}",0.8226133466781947,COMPLETE
