number,value,params_l2_regularization,params_learning_rate,params_max_iter,params_max_leaf_nodes,params_min_samples_leaf,user_attrs_f1,user_attrs_metrics,user_attrs_recall,state
0,0.8153928282606717,2.5361081166471375e-07,0.03338755504130913,320,49,32,0.8153088533665181,"{'accuracy': {'mean': 0.8326467242244726, 'std': 0.006723404038728286}, 'balanced_accuracy': {'mean': 0.8334089677671285, 'std': 0.007123697651645691}, 'brier_score': {'mean': 0.11697533650630287, 'std': 0.0019739687979336822}, 'cohen_kappa': {'mean': 0.6625570667132148, 'std': 0.013733344067323384}, 'f1': {'mean': 0.8153088533665181, 'std': 0.007997464595772394}, 'mean_absolute_stage_error': {'mean': 0.16735327577552744, 'std': 0.006723404038728305}, 'precision': {'mean': 0.7923898005913397, 'std': 0.008281762940622188}, 'quadratic_weighted_kappa': {'mean': 0.6625570667132148, 'std': 0.013733344067323384}, 'recall': {'mean': 0.8397489415361289, 'std': 0.013829147480763896}, 'roc_auc': {'mean': 0.9158304558031898, 'std': 0.002427150668481638}}",0.8397489415361289,COMPLETE
1,0.7892071171048249,0.023585940584142682,0.01652231817012285,80,56,32,0.7891204490177893,"{'accuracy': {'mean': 0.7962190475779555, 'std': 0.008003919589358354}, 'balanced_accuracy': {'mean': 0.8037720376961304, 'std': 0.008124478964753155}, 'brier_score': {'mean': 0.15397915572813242, 'std': 0.0023350006746660165}, 'cohen_kappa': {'mean': 0.5950099282036067, 'std': 0.01588956154022493}, 'f1': {'mean': 0.7891204490177893, 'std': 0.00844810015805147}, 'mean_absolute_stage_error': {'mean': 0.20378095242204455, 'std': 0.008003919589358359}, 'precision': {'mean': 0.7244213736221845, 'std': 0.009190905289932985}, 'quadratic_weighted_kappa': {'mean': 0.5950099282036067, 'std': 0.01588956154022493}, 'recall': {'mean': 0.8666808703558271, 'std': 0.013988679280901901}, 'roc_auc': {'mean': 0.8864789174075819, 'std': 0.005806424177578807}}",0.8666808703558271,COMPLETE
2,0.8069837700630603,4.329370014459266e-07,0.010685033500506827,320,54,14,0.8068983485727135,"{'accuracy': {'mean': 0.8201114816940194, 'std': 0.009556427132696974}, 'balanced_accuracy': {'mean': 0.823767266110645, 'std': 0.009441090290519778}, 'brier_score': {'mean': 0.12772341829487346, 'std': 0.002644968883952125}, 'cohen_kappa': {'mean': 0.6395046189659749, 'std': 0.01895215394105526}, 'f1': {'mean': 0.8068983485727135, 'std': 0.00994160374351239}, 'mean_absolute_stage_error': {'mean': 0.17988851830598068, 'std': 0.009556427132696969}, 'precision': {'mean': 0.7647292661941939, 'std': 0.012932344375270688}, 'quadratic_weighted_kappa': {'mean': 0.6395046189659749, 'std': 0.01895215394105526}, 'recall': {'mean': 0.8542149034685904, 'std': 0.01417266195311987}, 'roc_auc': {'mean': 0.9042492585042738, 'std': 0.0038659346401607726}}",0.8542149034685904,COMPLETE
3,0.804723003969656,4.17890272377219e-06,0.01804631368480851,160,38,24,0.804636781093954,"{'accuracy': {'mean': 0.8158032756077344, 'std': 0.007639960713738613}, 'balanced_accuracy': {'mean': 0.820780038746675, 'std': 0.00781746284661636}, 'brier_score': {'mean': 0.13432322753447848, 'std': 0.002360616628958422}, 'cohen_kappa': {'mean': 0.6318651427027361, 'std': 0.015288207284335472}, 'f1': {'mean': 0.804636781093954, 'std': 0.008259239012960924}, 'mean_absolute_stage_error': {'mean': 0.1841967243922656, 'std': 0.00763996071373861}, 'precision': {'mean': 0.7543466571164702, 'std': 0.008719627825372275}, 'quadratic_weighted_kappa': {'mean': 0.6318651427027361, 'std': 0.015288207284335472}, 'recall': {'mean': 0.8622287570202973, 'std': 0.012589488826383081}, 'roc_auc': {'mean': 0.8981591313439538, 'std': 0.003930275206286455}}",0.8622287570202973,COMPLETE
4,0.8080351320331046,0.00012724181576752517,0.07166937892378115,80,25,21,0.8079495098991325,"{'accuracy': {'mean': 0.8208953628236788, 'std': 0.0071043109402958975}, 'balanced_accuracy': {'mean': 0.8246836069849633, 'std': 0.006786996457325863}, 'brier_score': {'mean': 0.12634513102908765, 'std': 0.0020227152638832915}, 'cohen_kappa': {'mean': 0.6411631752655572, 'std': 0.013912716994523223}, 'f1': {'mean': 0.8079495098991325, 'std': 0.0070361143148839475}, 'mean_absolute_stage_error': {'mean': 0.17910463717632125, 'std': 0.007104310940295915}, 'precision': {'mean': 0.7649844861812165, 'std': 0.010923898423395355}, 'quadratic_weighted_kappa': {'mean': 0.6411631752655572, 'std': 0.013912716994523223}, 'recall': {'mean': 0.8562213397216902, 'std': 0.01090077756413333}, 'roc_auc': {'mean': 0.9059631365234019, 'std': 0.002544566323960128}}",0.8562213397216902,COMPLETE
5,0.8146077975333085,2.6185068507773707e-08,0.125207080851629,120,37,32,0.8145239336013474,"{'accuracy': {'mean': 0.8319620806911923, 'std': 0.003709368258150653}, 'balanced_accuracy': {'mean': 0.8326793316293675, 'std': 0.003612165619945162}, 'brier_score': {'mean': 0.12035134332437862, 'std': 0.0020340168761819235}, 'cohen_kappa': {'mean': 0.6611634270931874, 'std': 0.007337684395336019}, 'f1': {'mean': 0.8145239336013474, 'std': 0.0039390809387273296}, 'mean_absolute_stage_error': {'mean': 0.16803791930880774, 'std': 0.003709368258150677}, 'precision': {'mean': 0.7918529907740389, 'std': 0.00698923500835865}, 'quadratic_weighted_kappa': {'mean': 0.6611634270931874, 'std': 0.007337684395336019}, 'recall': {'mean': 0.8386393196102574, 'std': 0.008180368303620731}, 'roc_auc': {'mean': 0.9121258233561758, 'std': 0.0026330134235779397}}",0.8386393196102574,COMPLETE
6,0.8046727470427204,4.905556676028774,0.07068239480981442,120,13,48,0.8045870582670206,"{'accuracy': {'mean': 0.8168806507301634, 'std': 0.00817849541564113}, 'balanced_accuracy': {'mean': 0.8211700499653294, 'std': 0.008345391915989726}, 'brier_score': {'mean': 0.1284506169967073, 'std': 0.0019525834414758213}, 'cohen_kappa': {'mean': 0.6335109658112306, 'std': 0.01637671666409775}, 'f1': {'mean': 0.8045870582670206, 'std': 0.008818773045206608}, 'mean_absolute_stage_error': {'mean': 0.1831193492698366, 'std': 0.008178495415641127}, 'precision': {'mean': 0.7583525603896242, 'std': 0.008644283828334143}, 'quadratic_weighted_kappa': {'mean': 0.6335109658112306, 'std': 0.01637671666409775}, 'recall': {'mean': 0.8568877569980007, 'std': 0.011540001696518863}, 'roc_auc': {'mean': 0.9041456039102534, 'std': 0.0031331178200016477}}",0.8568877569980007,COMPLETE
7,0.8106233967264151,9.148975058772307e-05,0.13492455545375232,160,15,36,0.810538931904081,"{'accuracy': {'mean': 0.8262822384358237, 'std': 0.004273330887251518}, 'balanced_accuracy': {'mean': 0.8282516487006246, 'std': 0.004465358544797862}, 'brier_score': {'mean': 0.12147839672424995, 'std': 0.0016173423937404765}, 'cohen_kappa': {'mean': 0.6506330229056647, 'std': 0.008651648254891953}, 'f1': {'mean': 0.810538931904081, 'std': 0.004941002169101327}, 'mean_absolute_stage_error': {'mean': 0.1737177615641763, 'std': 0.004273330887251527}, 'precision': {'mean': 0.7791538939672463, 'std': 0.005818796896805314}, 'quadratic_weighted_kappa': {'mean': 0.6506330229056647, 'std': 0.008651648254891953}, 'recall': {'mean': 0.8446482233414508, 'std': 0.009385361535313776}, 'roc_auc': {'mean': 0.9106920868910813, 'std': 0.002929507255076624}}",0.8446482233414508,COMPLETE
8,0.7763766361960643,2.133142332373004e-06,0.01481160532165696,200,11,46,0.776291503915951,"{'accuracy': {'mean': 0.7841754386469553, 'std': 0.003787024055172995}, 'balanced_accuracy': {'mean': 0.7913718821232691, 'std': 0.004662451442903858}, 'brier_score': {'mean': 0.15093431014104408, 'std': 0.0017731876736862317}, 'cohen_kappa': {'mean': 0.5709095348346696, 'std': 0.008189967188512271}, 'f1': {'mean': 0.776291503915951, 'std': 0.005526491127534193}, 'mean_absolute_stage_error': {'mean': 0.21582456135304467, 'std': 0.003787024055173006}, 'precision': {'mean': 0.7134987912253379, 'std': 0.002445692118916563}, 'quadratic_weighted_kappa': {'mean': 0.5709095348346696, 'std': 0.008189967188512271}, 'recall': {'mean': 0.8513228011326616, 'std': 0.013155762082615895}, 'roc_auc': {'mean': 0.8794388362567815, 'std': 0.004679769966838831}}",0.8513228011326616,COMPLETE
9,0.8168339983148588,4.609885087947832e-07,0.08436579589365062,160,38,30,0.8167500232472881,"{'accuracy': {'mean': 0.8342142467794524, 'std': 0.004107982226126547}, 'balanced_accuracy': {'mean': 0.8348088186336774, 'std': 0.003875781100317572}, 'brier_score': {'mean': 0.11823361531422512, 'std': 0.0027137552993908324}, 'cohen_kappa': {'mean': 0.6656043226089065, 'std': 0.0080226299498806}, 'f1': {'mean': 0.8167500232472881, 'std': 0.0042469373798719795}, 'mean_absolute_stage_error': {'mean': 0.16578575322054764, 'std': 0.004107982226126532}, 'precision': {'mean': 0.7951686781841415, 'std': 0.00928223997191328}, 'quadratic_weighted_kappa': {'mean': 0.6656043226089065, 'std': 0.0080226299498806}, 'recall': {'mean': 0.8397506757074801, 'std': 0.010946865461776306}, 'roc_auc': {'mean': 0.9144035180011294, 'std': 0.0035832399367974823}}",0.8397506757074801,COMPLETE
10,0.8157420244263962,4.5224138961273885,0.2237998777207589,240,62,5,0.8156594735346605,"{'accuracy': {'mean': 0.8358789454734952, 'std': 0.006043410355463992}, 'balanced_accuracy': {'mean': 0.834768741421042, 'std': 0.006720719177871249}, 'brier_score': {'mean': 0.12479261720716747, 'std': 0.002593597401548855}, 'cohen_kappa': {'mean': 0.6678001273621446, 'std': 0.01260699944739367}, 'f1': {'mean': 0.8156594735346605, 'std': 0.007773699338640163}, 'mean_absolute_stage_error': {'mean': 0.16412105452650483, 'std': 0.006043410355463992}, 'precision': {'mean': 0.8061131707040637, 'std': 0.00422796738984518}, 'quadratic_weighted_kappa': {'mean': 0.6678001273621446, 'std': 0.01260699944739367}, 'recall': {'mean': 0.8255089173568255, 'std': 0.012928572407062806}, 'roc_auc': {'mean': 0.9168915806541473, 'std': 0.002543438230648492}}",0.8255089173568255,COMPLETE
11,0.8154976589513202,8.895595288274592,0.19381072760546475,240,62,8,0.815415019121368,"{'accuracy': {'mean': 0.8353894212722259, 'std': 0.0027608029710252157}, 'balanced_accuracy': {'mean': 0.8344275604574751, 'std': 0.0025571109388605067}, 'brier_score': {'mean': 0.12352126155987737, 'std': 0.0015304358884649484}, 'cohen_kappa': {'mean': 0.6669301824400398, 'std': 0.005364218484135268}, 'f1': {'mean': 0.815415019121368, 'std': 0.002802702796035815}, 'mean_absolute_stage_error': {'mean': 0.16461057872777402, 'std': 0.0027608029710252226}, 'precision': {'mean': 0.8048229646260285, 'std': 0.006816040847654466}, 'quadratic_weighted_kappa': {'mean': 0.6669301824400398, 'std': 0.005364218484135268}, 'recall': {'mean': 0.826398299521121, 'std': 0.007439568284160535}, 'roc_auc': {'mean': 0.9155932332296143, 'std': 0.0025640242182684743}}",0.826398299521121,COMPLETE
12,0.8137466709524017,0.04733242076166055,0.24577748337527142,240,43,7,0.8136648770016869,"{'accuracy': {'mean': 0.8351934390045941, 'std': 0.002593222312413007}, 'balanced_accuracy': {'mean': 0.8333442526534744, 'std': 0.002943122125370977}, 'brier_score': {'mean': 0.13149336119412355, 'std': 0.0027533647121044964}, 'cohen_kappa': {'mean': 0.6659384790994434, 'std': 0.00539589413117925}, 'f1': {'mean': 0.8136648770016869, 'std': 0.0035566457041859532}, 'mean_absolute_stage_error': {'mean': 0.16480656099540583, 'std': 0.002593222312412984}, 'precision': {'mean': 0.8095511605115778, 'std': 0.005601117029395338}, 'quadratic_weighted_kappa': {'mean': 0.6659384790994434, 'std': 0.00539589413117925}, 'recall': {'mean': 0.817939507148502, 'std': 0.009523375734486687}, 'roc_auc': {'mean': 0.9148190432805622, 'std': 0.0025907791522192043}}",0.817939507148502,COMPLETE
13,0.8146456686746971,0.03557504491565528,0.05805046720973181,240,24,19,0.8145608921969973,"{'accuracy': {'mean': 0.8301991511589943, 'std': 0.005961792295759447}, 'balanced_accuracy': {'mean': 0.8320831116603287, 'std': 0.006390966131466935}, 'brier_score': {'mean': 0.11974760090070047, 'std': 0.0019357293994832993}, 'cohen_kappa': {'mean': 0.6584074470108587, 'std': 0.012206646372660713}, 'f1': {'mean': 0.8145608921969973, 'std': 0.0070721325965267005}, 'mean_absolute_stage_error': {'mean': 0.16980084884100557, 'std': 0.005961792295759424}, 'precision': {'mean': 0.7839074177245628, 'std': 0.005464097385084168}, 'quadratic_weighted_kappa': {'mean': 0.6584074470108587, 'std': 0.012206646372660713}, 'recall': {'mean': 0.8477647769979513, 'std': 0.011047417041566853}, 'roc_auc': {'mean': 0.9125166900766203, 'std': 0.0027153733848613703}}",0.8477647769979513,COMPLETE
14,0.8205918753907215,0.0007187551363036988,0.1182733971305495,280,63,41,0.8205093472166306,"{'accuracy': {'mean': 0.8411661999623185, 'std': 0.006569844872965547}, 'balanced_accuracy': {'mean': 0.8394630749346075, 'std': 0.006983792856303978}, 'brier_score': {'mean': 0.1255709773859835, 'std': 0.004083024655234239}, 'cohen_kappa': {'mean': 0.6780773155284225, 'std': 0.013515079289889455}, 'f1': {'mean': 0.8205093472166306, 'std': 0.007962519437159357}, 'mean_absolute_stage_error': {'mean': 0.15883380003768152, 'std': 0.006569844872965519}, 'precision': {'mean': 0.8158249247347275, 'std': 0.005996839804015452}, 'quadratic_weighted_kappa': {'mean': 0.6780773155284225, 'std': 0.013515079289889455}, 'recall': {'mean': 0.8252817409098453, 'std': 0.010937787753829148}, 'roc_auc': {'mean': 0.9169068537956198, 'std': 0.003756142100929663}}",0.8252817409098453,COMPLETE
15,0.8210651564372944,0.0002522591007989184,0.11296984058679212,280,28,43,0.8209814485312072,"{'accuracy': {'mean': 0.8394045648335517, 'std': 0.0037572894680123507}, 'balanced_accuracy': {'mean': 0.8391549823506104, 'std': 0.0040688675370187995}, 'brier_score': {'mean': 0.11864355043973755, 'std': 0.0016189167626125235}, 'cohen_kappa': {'mean': 0.6754710387787938, 'std': 0.00770709021548662}, 'f1': {'mean': 0.8209814485312072, 'std': 0.004667330416815027}, 'mean_absolute_stage_error': {'mean': 0.1605954351664483, 'std': 0.0037572894680123472}, 'precision': {'mean': 0.8055971585803897, 'std': 0.00578753287231982}, 'quadratic_weighted_kappa': {'mean': 0.6754710387787938, 'std': 0.00770709021548662}, 'recall': {'mean': 0.8370790608718919, 'std': 0.010203722254243224}, 'roc_auc': {'mean': 0.9149970243996046, 'std': 0.002286982781970239}}",0.8370790608718919,COMPLETE
16,0.8162022059684995,0.0007796260501917435,0.040971294906726914,280,29,42,0.8161172515400452,"{'accuracy': {'mean': 0.8315695408655148, 'std': 0.005801845341193245}, 'balanced_accuracy': {'mean': 0.8334977233395182, 'std': 0.005855622814265077}, 'brier_score': {'mean': 0.11819159750693706, 'std': 0.002363093274959241}, 'cohen_kappa': {'mean': 0.6611894274675081, 'std': 0.01163835559450998}, 'f1': {'mean': 0.8161172515400452, 'std': 0.006333758289402326}, 'mean_absolute_stage_error': {'mean': 0.16843045913448518, 'std': 0.005801845341193215}, 'precision': {'mean': 0.7852766170494314, 'std': 0.007366622896410988}, 'quadratic_weighted_kappa': {'mean': 0.6611894274675081, 'std': 0.01163835559450998}, 'recall': {'mean': 0.8495442845428351, 'std': 0.008762455672884105}, 'roc_auc': {'mean': 0.9146532576557684, 'std': 0.0032005707264347993}}",0.8495442845428351,COMPLETE
17,0.8201085566196881,0.002042830032164969,0.12089014588870448,280,46,39,0.8200254941474039,"{'accuracy': {'mean': 0.8395998759290342, 'std': 0.002709585406403939}, 'balanced_accuracy': {'mean': 0.8386383683101277, 'std': 0.0029416620069108836}, 'brier_score': {'mean': 0.12206015296904796, 'std': 0.0024922428870785547}, 'cohen_kappa': {'mean': 0.6754052751631605, 'std': 0.005552153952441622}, 'f1': {'mean': 0.8200254941474039, 'std': 0.0034458715525064773}, 'mean_absolute_stage_error': {'mean': 0.1604001240709659, 'std': 0.0027095854064039457}, 'precision': {'mean': 0.8097953301756634, 'std': 0.005669218734976055}, 'quadratic_weighted_kappa': {'mean': 0.6754052751631605, 'std': 0.005552153952441622}, 'recall': {'mean': 0.8306247228422572, 'std': 0.008950544010976445}, 'roc_auc': {'mean': 0.9173620665726749, 'std': 0.00232905694081479}}",0.8306247228422572,COMPLETE
18,0.8124103283848452,3.199030857436457e-05,0.10192373770954408,280,32,50,0.8123277556920983,"{'accuracy': {'mean': 0.832157295904939, 'std': 0.0073399045669762936}, 'balanced_accuracy': {'mean': 0.8314685026153905, 'std': 0.007626016353443535}, 'brier_score': {'mean': 0.12081487958771212, 'std': 0.0030935302956376443}, 'cohen_kappa': {'mean': 0.6605990213906432, 'std': 0.014945882755235663}, 'f1': {'mean': 0.8123277556920983, 'std': 0.008543403128787276}, 'mean_absolute_stage_error': {'mean': 0.167842704095061, 'std': 0.007339904566976305}, 'precision': {'mean': 0.7994353107582935, 'std': 0.008497738125393773}, 'quadratic_weighted_kappa': {'mean': 0.6605990213906432, 'std': 0.014945882755235663}, 'recall': {'mean': 0.8257269274695218, 'std': 0.012025997108413839}, 'roc_auc': {'mean': 0.9140573785617055, 'std': 0.003754884398001025}}",0.8257269274695218,COMPLETE
19,0.8150835924615422,0.0035776279161575217,0.15797245364962434,320,20,43,0.8150006855444282,"{'accuracy': {'mean': 0.8344099893427451, 'std': 0.0032940105199250787}, 'balanced_accuracy': {'mean': 0.8338381603855938, 'std': 0.0033638800260228836}, 'brier_score': {'mean': 0.11966003098989537, 'std': 0.001764165494908309}, 'cohen_kappa': {'mean': 0.6652156459543755, 'std': 0.006612610126464262}, 'f1': {'mean': 0.8150006855444282, 'std': 0.0037791806059942618}, 'mean_absolute_stage_error': {'mean': 0.1655900106572549, 'std': 0.0032940105199250756}, 'precision': {'mean': 0.8015049911313159, 'std': 0.0064702257776448864}, 'quadratic_weighted_kappa': {'mean': 0.6652156459543755, 'std': 0.006612610126464262}, 'recall': {'mean': 0.8290691711404158, 'std': 0.008716806324176634}, 'roc_auc': {'mean': 0.9152855476889983, 'std': 0.0026013802027216493}}",0.8290691711404158,COMPLETE
20,0.8168696292280082,0.3291491499852116,0.05144734738937763,280,54,38,0.8167859881370658,"{'accuracy': {'mean': 0.834899082076204, 'std': 0.005245542435427452}, 'balanced_accuracy': {'mean': 0.8350610946976763, 'std': 0.005107547437169141}, 'brier_score': {'mean': 0.11680081322235684, 'std': 0.0026201091009342673}, 'cohen_kappa': {'mean': 0.6666913642679673, 'std': 0.010437368126085941}, 'f1': {'mean': 0.8167859881370658, 'std': 0.005480011468193081}, 'mean_absolute_stage_error': {'mean': 0.16510091792379605, 'std': 0.00524554243542746}, 'precision': {'mean': 0.7980940982373765, 'std': 0.007379445970146567}, 'quadratic_weighted_kappa': {'mean': 0.6666913642679673, 'std': 0.010437368126085941}, 'recall': {'mean': 0.8364109094242304, 'std': 0.005709019739667447}, 'roc_auc': {'mean': 0.9171641586275173, 'std': 0.0036343346533495814}}",0.8364109094242304,COMPLETE
21,0.8170285155824707,0.001557910717478956,0.10587385930626708,280,46,39,0.8169458537533163,"{'accuracy': {'mean': 0.8370535926167229, 'std': 0.006835894644899487}, 'balanced_accuracy': {'mean': 0.8359355460558469, 'std': 0.007313489898973559}, 'brier_score': {'mean': 0.12212522053070671, 'std': 0.0041969034664462584}, 'cohen_kappa': {'mean': 0.6701654135404944, 'std': 0.014055916264927798}, 'f1': {'mean': 0.8169458537533163, 'std': 0.00831464280561281}, 'mean_absolute_stage_error': {'mean': 0.16294640738327718, 'std': 0.00683589464489947}, 'precision': {'mean': 0.8075947794631633, 'std': 0.007275531330878602}, 'quadratic_weighted_kappa': {'mean': 0.6701654135404944, 'std': 0.014055916264927798}, 'recall': {'mean': 0.8266182915439326, 'std': 0.013127123936539807}, 'roc_auc': {'mean': 0.9156730852190608, 'std': 0.004289160499047658}}",0.8266182915439326,COMPLETE
22,0.8183168060925718,0.004627883440605082,0.1669824554839296,280,49,43,0.8182344337709375,"{'accuracy': {'mean': 0.8390119291261385, 'std': 0.005458266432864632}, 'balanced_accuracy': {'mean': 0.8373731591750925, 'std': 0.0058656845214084576}, 'brier_score': {'mean': 0.1278925278235383, 'std': 0.004109459721556879}, 'cohen_kappa': {'mean': 0.6737748980334504, 'std': 0.011247634363097623}, 'f1': {'mean': 0.8182344337709375, 'std': 0.00672741478572171}, 'mean_absolute_stage_error': {'mean': 0.16098807087386136, 'std': 0.0054582664328646545}, 'precision': {'mean': 0.8129049887923763, 'std': 0.006327606100803399}, 'quadratic_weighted_kappa': {'mean': 0.6737748980334504, 'std': 0.011247634363097623}, 'recall': {'mean': 0.8237232163428307, 'std': 0.011200568718285113}, 'roc_auc': {'mean': 0.9170072122963443, 'std': 0.004304159049258517}}",0.8237232163428307,COMPLETE
23,0.8190754167047943,0.00020455451928888386,0.10039354962517896,320,57,36,0.8189927325048295,"{'accuracy': {'mean': 0.8392085346250522, 'std': 0.0032539022622569444}, 'balanced_accuracy': {'mean': 0.8378839056846491, 'std': 0.0033409596839951853}, 'brier_score': {'mean': 0.12320382959538004, 'std': 0.0023773217791421986}, 'cohen_kappa': {'mean': 0.6743827750855917, 'std': 0.00657355670003493}, 'f1': {'mean': 0.8189927325048295, 'std': 0.0038633655059505767}, 'mean_absolute_stage_error': {'mean': 0.16079146537494793, 'std': 0.003253902262256938}, 'precision': {'mean': 0.8114050484615152, 'std': 0.006768315115396475}, 'quadratic_weighted_kappa': {'mean': 0.6743827750855917, 'std': 0.00657355670003493}, 'recall': {'mean': 0.8268419996482109, 'std': 0.0089381681624006}, 'roc_auc': {'mean': 0.9178950651166554, 'std': 0.002971203096848723}}",0.8268419996482109,COMPLETE
24,0.8159737328297477,1.0218289139830272e-05,0.1377806034045647,200,34,46,0.8158908263090157,"{'accuracy': {'mean': 0.8353885103957376, 'std': 0.007331550896363047}, 'balanced_accuracy': {'mean': 0.8347107632083308, 'std': 0.007487897037775092}, 'brier_score': {'mean': 0.12111023242271127, 'std': 0.0019851016292787823}, 'cohen_kappa': {'mean': 0.6671127988532259, 'std': 0.014859664298369194}, 'f1': {'mean': 0.8158908263090157, 'std': 0.008354795959713307}, 'mean_absolute_stage_error': {'mean': 0.1646114896042625, 'std': 0.007331550896363049}, 'precision': {'mean': 0.8031995333712254, 'std': 0.009071461622658433}, 'quadratic_weighted_kappa': {'mean': 0.6671127988532259, 'std': 0.014859664298369194}, 'recall': {'mean': 0.829065207320185, 'std': 0.010929281725429544}, 'roc_auc': {'mean': 0.9134105142370217, 'std': 0.0022918677034308}}",0.829065207320185,COMPLETE
25,0.817456689254805,0.00042765002531425456,0.0315246846214074,280,42,27,0.8173717127280529,"{'accuracy': {'mean': 0.8329398826311675, 'std': 0.008945414886097031}, 'balanced_accuracy': {'mean': 0.8347441196060903, 'std': 0.009138864812222886}, 'brier_score': {'mean': 0.1183983844422791, 'std': 0.002588465765297928}, 'cohen_kappa': {'mean': 0.663847114179491, 'std': 0.01803721625640056}, 'f1': {'mean': 0.8173717127280529, 'std': 0.009915632308031379}, 'mean_absolute_stage_error': {'mean': 0.16706011736883258, 'std': 0.008945414886097052}, 'precision': {'mean': 0.78741540711346, 'std': 0.010019834936386888}, 'quadratic_weighted_kappa': {'mean': 0.663847114179491, 'std': 0.01803721625640056}, 'recall': {'mean': 0.8497652675207048, 'std': 0.01240441729629823}, 'roc_auc': {'mean': 0.9138556878909379, 'std': 0.003443051128681266}}",0.8497652675207048,COMPLETE
26,0.8182490769061359,0.011724832005790437,0.0861813533422777,200,49,41,0.8181655470746726,"{'accuracy': {'mean': 0.836661915726666, 'std': 0.006921027342828829}, 'balanced_accuracy': {'mean': 0.836515898624279, 'std': 0.007164293733220181}, 'brier_score': {'mean': 0.117895763314348, 'std': 0.0031969455397271892}, 'cohen_kappa': {'mean': 0.6700229601440704, 'std': 0.014063133251486974}, 'f1': {'mean': 0.8181655470746726, 'std': 0.007976327863089388}, 'mean_absolute_stage_error': {'mean': 0.1633380842733339, 'std': 0.006921027342828845}, 'precision': {'mean': 0.8017903956758584, 'std': 0.008068950167404174}, 'quadratic_weighted_kappa': {'mean': 0.6700229601440704, 'std': 0.014063133251486974}, 'recall': {'mean': 0.8352983146331855, 'std': 0.01118797169060473}, 'roc_auc': {'mean': 0.9166188175132959, 'std': 0.0035200298792173435}}",0.8352983146331855,COMPLETE
27,0.8147403487172628,0.13408436176883715,0.16622663758564446,240,19,36,0.8146570858986397,"{'accuracy': {'mean': 0.8333328059837873, 'std': 0.004066265796691619}, 'balanced_accuracy': {'mean': 0.833257528070338, 'std': 0.004467333669839714}, 'brier_score': {'mean': 0.12145499117634603, 'std': 0.0022176484062698077}, 'cohen_kappa': {'mean': 0.6633756909897749, 'std': 0.008411704401250525}, 'f1': {'mean': 0.8146570858986397, 'std': 0.00511316539457405}, 'mean_absolute_stage_error': {'mean': 0.16666719401621263, 'std': 0.004066265796691631}, 'precision': {'mean': 0.7975121098378242, 'std': 0.0046126416639428935}, 'quadratic_weighted_kappa': {'mean': 0.6633756909897749, 'std': 0.008411704401250525}, 'recall': {'mean': 0.8326281862301841, 'std': 0.009642307809461546}, 'roc_auc': {'mean': 0.9119035815615545, 'std': 0.002665954385998999}}",0.8326281862301841,COMPLETE
28,0.8182084962806244,2.885361700862733e-05,0.11472496825455514,320,60,44,0.8181261461811573,"{'accuracy': {'mean': 0.838914177696662, 'std': 0.004590615664867656}, 'balanced_accuracy': {'mean': 0.8372622012921553, 'std': 0.004703430207896009}, 'brier_score': {'mean': 0.12585997802949322, 'std': 0.0022009003755312784}, 'cohen_kappa': {'mean': 0.673575427997942, 'std': 0.009333801587385386}, 'f1': {'mean': 0.8181261461811573, 'std': 0.005292390118153627}, 'mean_absolute_stage_error': {'mean': 0.16108582230333815, 'std': 0.004590615664867671}, 'precision': {'mean': 0.8128403314680315, 'std': 0.005502816700548868}, 'quadratic_weighted_kappa': {'mean': 0.673575427997942, 'std': 0.009333801587385386}, 'recall': {'mean': 0.8235009946711391, 'std': 0.006495083939824877}, 'roc_auc': {'mean': 0.9179589708711884, 'std': 0.00248977126794116}}",0.8235009946711391,COMPLETE
29,0.8167432999669894,0.6624826635963764,0.027898639650773258,280,52,39,0.8166585905273992,"{'accuracy': {'mean': 0.8326467242244725, 'std': 0.006850371687967883}, 'balanced_accuracy': {'mean': 0.8341955500360647, 'std': 0.0067645001539250104}, 'brier_score': {'mean': 0.11733476402402562, 'std': 0.002224134571607088}, 'cohen_kappa': {'mean': 0.6630966319466092, 'std': 0.013660710598500598}, 'f1': {'mean': 0.8166585905273992, 'std': 0.007222103069489265}, 'mean_absolute_stage_error': {'mean': 0.16735327577552744, 'std': 0.006850371687967871}, 'precision': {'mean': 0.7883717907736963, 'std': 0.008746781469610295}, 'quadratic_weighted_kappa': {'mean': 0.6630966319466092, 'std': 0.013660710598500598}, 'recall': {'mean': 0.8470943959014099, 'std': 0.007684444282329721}, 'roc_auc': {'mean': 0.9154778792009008, 'std': 0.0032361477103658833}}",0.8470943959014099,COMPLETE
30,0.8147704256911172,0.0013425415103309848,0.05402590244954179,320,28,50,0.8146863615366868,"{'accuracy': {'mean': 0.8317658587192213, 'std': 0.005479003168228807}, 'balanced_accuracy': {'mean': 0.8327179113209736, 'std': 0.0059153440305067554}, 'brier_score': {'mean': 0.11701853766266175, 'std': 0.00231467277212487}, 'cohen_kappa': {'mean': 0.6609175032072783, 'std': 0.011263321774920471}, 'f1': {'mean': 0.8146863615366868, 'std': 0.0066270686991286255}, 'mean_absolute_stage_error': {'mean': 0.16823414128077865, 'std': 0.0054790031682288}, 'precision': {'mean': 0.7903374670038481, 'std': 0.00512641400488707}, 'quadratic_weighted_kappa': {'mean': 0.6609175032072783, 'std': 0.011263321774920471}, 'recall': {'mean': 0.840641544304362, 'std': 0.010697424754428872}, 'roc_auc': {'mean': 0.9159634308316551, 'std': 0.003651940597894081}}",0.840641544304362,COMPLETE
31,0.8182471571065673,0.00019790998906715743,0.08886346757655385,320,57,35,0.8181645841660815,"{'accuracy': {'mean': 0.8385228843335476, 'std': 0.00571761101638675}, 'balanced_accuracy': {'mean': 0.8371526301613927, 'std': 0.005825688209745119}, 'brier_score': {'mean': 0.12211217757895747, 'std': 0.0035579670850129563}, 'cohen_kappa': {'mean': 0.6729709099546888, 'std': 0.011571138081560222}, 'f1': {'mean': 0.8181645841660815, 'std': 0.006500089814504535}, 'mean_absolute_stage_error': {'mean': 0.16147711566645237, 'std': 0.005717611016386769}, 'precision': {'mean': 0.8108079972588017, 'std': 0.007720503512576724}, 'quadratic_weighted_kappa': {'mean': 0.6729709099546888, 'std': 0.011571138081560222}, 'recall': {'mean': 0.8257294048571662, 'std': 0.009210288302461962}, 'roc_auc': {'mean': 0.9174645425743317, 'std': 0.003576223826334216}}",0.8257294048571662,COMPLETE
32,0.8195677503756305,0.006276495628969322,0.07186562254002422,320,58,34,0.8194845989651298,"{'accuracy': {'mean': 0.8388160906811104, 'std': 0.006493139324851536}, 'balanced_accuracy': {'mean': 0.8380337259610521, 'std': 0.006415557276459782}, 'brier_score': {'mean': 0.11969002976611054, 'std': 0.002512837656581704}, 'cohen_kappa': {'mean': 0.6739493568754001, 'std': 0.013029176701345301}, 'f1': {'mean': 0.8194845989651298, 'std': 0.0070425855901463915}, 'mean_absolute_stage_error': {'mean': 0.1611839093188897, 'std': 0.0064931393248515235}, 'precision': {'mean': 0.8078396037393641, 'std': 0.008875491189187738}, 'quadratic_weighted_kappa': {'mean': 0.6739493568754001, 'std': 0.013029176701345301}, 'recall': {'mean': 0.8315141050065525, 'std': 0.007405585729523086}, 'roc_auc': {'mean': 0.9176301013229498, 'std': 0.002986269481017345}}",0.8315141050065525,COMPLETE
33,0.8188492912661625,0.006109015322368267,0.07387997032259405,280,59,28,0.8187662287443305,"{'accuracy': {'mean': 0.8382285274051574, 'std': 0.0058591707124999}, 'balanced_accuracy': {'mean': 0.8374147633486615, 'std': 0.006005144328498486}, 'brier_score': {'mean': 0.1195517177173178, 'std': 0.0033115806741386266}, 'cohen_kappa': {'mean': 0.6727404524166852, 'std': 0.011851579917580929}, 'f1': {'mean': 0.8187662287443305, 'std': 0.0066977589152212086}, 'mean_absolute_stage_error': {'mean': 0.16177147259484262, 'std': 0.005859170712499906}, 'precision': {'mean': 0.8073597079757533, 'std': 0.00848040666574404}, 'quadratic_weighted_kappa': {'mean': 0.6727404524166852, 'std': 0.011851579917580929}, 'recall': {'mean': 0.8306252183197863, 'std': 0.01097936289903345}, 'roc_auc': {'mean': 0.9174013015899926, 'std': 0.0036088761028088908}}",0.8306252183197863,COMPLETE
34,0.8167978504053338,0.0013217192067334425,0.06115719921897205,320,63,33,0.8167151219344518,"{'accuracy': {'mean': 0.836661915726666, 'std': 0.0063876876562284765}, 'balanced_accuracy': {'mean': 0.835656866582114, 'std': 0.006817472873566523}, 'brier_score': {'mean': 0.11978799816017512, 'std': 0.0024331452732640965}, 'cohen_kappa': {'mean': 0.6694524931629025, 'std': 0.013141983844482868}, 'f1': {'mean': 0.8167151219344518, 'std': 0.007758182608257943}, 'mean_absolute_stage_error': {'mean': 0.1633380842733339, 'std': 0.006387687656228456}, 'precision': {'mean': 0.8064667209924871, 'std': 0.006261021409075743}, 'quadratic_weighted_kappa': {'mean': 0.6694524931629025, 'std': 0.013141983844482868}, 'recall': {'mean': 0.8272847088202433, 'std': 0.011455501640874517}, 'roc_auc': {'mean': 0.9170534753378531, 'std': 0.0026624315208454317}}",0.8272847088202433,COMPLETE
35,0.8166584867150217,0.020051398783874658,0.03904300255089109,280,52,39,0.816574356042733,"{'accuracy': {'mean': 0.833724530814712, 'std': 0.0038595574499029795}, 'balanced_accuracy': {'mean': 0.8345372028863217, 'std': 0.004140641563353575}, 'brier_score': {'mean': 0.11722827875414892, 'std': 0.002228701297169813}, 'cohen_kappa': {'mean': 0.6647577622348351, 'std': 0.007915419704140636}, 'f1': {'mean': 0.816574356042733, 'std': 0.004730050112341207}, 'mean_absolute_stage_error': {'mean': 0.1662754691852881, 'std': 0.0038595574499029873}, 'precision': {'mean': 0.7933302427514033, 'std': 0.005350260271981761}, 'quadratic_weighted_kappa': {'mean': 0.6647577622348351, 'std': 0.007915419704140636}, 'recall': {'mean': 0.8413067228868503, 'std': 0.00933348164201629}, 'roc_auc': {'mean': 0.9157059003397373, 'std': 0.003111894226568711}}",0.8413067228868503,COMPLETE
36,0.8146843025572981,0.0005151948770391536,0.14180391734466716,240,44,33,0.8146018633214235,"{'accuracy': {'mean': 0.8348993697214109, 'std': 0.006131424679041037}, 'balanced_accuracy': {'mean': 0.8337738580370677, 'std': 0.006130499093405865}, 'brier_score': {'mean': 0.12456607103948145, 'std': 0.0037950319208168147}, 'cohen_kappa': {'mean': 0.665833804615617, 'std': 0.012325531183019314}, 'f1': {'mean': 0.8146018633214235, 'std': 0.006756780694736249}, 'mean_absolute_stage_error': {'mean': 0.16510063027858918, 'std': 0.006131424679041024}, 'precision': {'mean': 0.8051121785232377, 'std': 0.008533112716873778}, 'quadratic_weighted_kappa': {'mean': 0.665833804615617, 'std': 0.012325531183019314}, 'recall': {'mean': 0.82439235874555, 'std': 0.008821653185205579}, 'roc_auc': {'mean': 0.9143195915804186, 'std': 0.004236940857800279}}",0.82439235874555,COMPLETE
37,0.8180088691003524,5.851474946705362e-05,0.20189669750512873,320,49,47,0.8179265188026943,"{'accuracy': {'mean': 0.8387186268968403, 'std': 0.006197002019976755}, 'balanced_accuracy': {'mean': 0.8370880611665703, 'std': 0.00658490448475335}, 'brier_score': {'mean': 0.1315477974207903, 'std': 0.004329941238610309}, 'cohen_kappa': {'mean': 0.6731885819052463, 'std': 0.012739853440881702}, 'f1': {'mean': 0.8179265188026943, 'std': 0.007509604468970783}, 'mean_absolute_stage_error': {'mean': 0.16128137310315965, 'std': 0.006197002019976762}, 'precision': {'mean': 0.8124793669513432, 'std': 0.0063325805606486325}, 'quadratic_weighted_kappa': {'mean': 0.6731885819052463, 'std': 0.012739853440881702}, 'recall': {'mean': 0.8235029765812547, 'std': 0.010945887237762226}, 'roc_auc': {'mean': 0.9177105385506849, 'std': 0.0036969819149631645}}",0.8235029765812547,COMPLETE
38,0.8223897888862832,6.246137137493112e-06,0.11804251971032016,280,54,30,0.8223065930562221,"{'accuracy': {'mean': 0.8418518502538228, 'std': 0.005857800658045434}, 'balanced_accuracy': {'mean': 0.8407911711805987, 'std': 0.006492257642794574}, 'brier_score': {'mean': 0.12275527566675101, 'std': 0.003576913113315423}, 'cohen_kappa': {'mean': 0.6798665471743213, 'std': 0.012203706286024438}, 'f1': {'mean': 0.8223065930562221, 'std': 0.0075464290927462424}, 'mean_absolute_stage_error': {'mean': 0.15814814974617705, 'std': 0.00585780065804542}, 'precision': {'mean': 0.8129835290672871, 'std': 0.005657287338353997}, 'quadratic_weighted_kappa': {'mean': 0.6798665471743213, 'std': 0.012203706286024438}, 'recall': {'mean': 0.8319583006111715, 'std': 0.013293849300842472}, 'roc_auc': {'mean': 0.9182090096278817, 'std': 0.0034220942459888483}}",0.8319583006111715,COMPLETE
39,0.8204379509056636,2.5733207746359877e-06,0.12337418994705136,240,54,30,0.8203551999648757,"{'accuracy': {'mean': 0.8405791640359114, 'std': 0.0035900334708764904}, 'balanced_accuracy': {'mean': 0.8391790717854173, 'std': 0.004193196880725835}, 'brier_score': {'mean': 0.12289170423988072, 'std': 0.0024167115835128233}, 'cohen_kappa': {'mean': 0.6770891281865088, 'std': 0.007575749928167622}, 'f1': {'mean': 0.8203551999648757, 'std': 0.004991014149527652}, 'mean_absolute_stage_error': {'mean': 0.15942083596408846, 'std': 0.0035900334708764995}, 'precision': {'mean': 0.8134660441420258, 'std': 0.00556480387950965}, 'quadratic_weighted_kappa': {'mean': 0.6770891281865088, 'std': 0.007575749928167622}, 'recall': {'mean': 0.8275094078795793, 'std': 0.011919327425568388}, 'roc_auc': {'mean': 0.9162011937202266, 'std': 0.0029512343531910615}}",0.8275094078795793,COMPLETE
40,0.8164590517290372,2.1769590915172318e-08,0.18487001721962884,200,53,24,0.8163765234558508,"{'accuracy': {'mean': 0.8366616280814592, 'std': 0.005821406819225579}, 'balanced_accuracy': {'mean': 0.8354431267263382, 'std': 0.005779348189762957}, 'brier_score': {'mean': 0.12638591590922774, 'std': 0.003509785240955269}, 'cohen_kappa': {'mean': 0.6693232159928726, 'std': 0.011667398810916062}, 'f1': {'mean': 0.8163765234558508, 'std': 0.006387033489216281}, 'mean_absolute_stage_error': {'mean': 0.16333837191854078, 'std': 0.005821406819225572}, 'precision': {'mean': 0.8077864501174581, 'std': 0.009430301316578614}, 'quadratic_weighted_kappa': {'mean': 0.6693232159928726, 'std': 0.011667398810916062}, 'recall': {'mean': 0.8252827318649031, 'std': 0.009967699827657108}, 'roc_auc': {'mean': 0.9155635789465745, 'std': 0.0035039744376232835}}",0.8252827318649031,COMPLETE
41,0.8169235982611556,2.4411611684533534e-06,0.11661642355417276,240,54,30,0.8168410921853624,"{'accuracy': {'mean': 0.8372492872391477, 'std': 0.006184977286557919}, 'balanced_accuracy': {'mean': 0.8359441043482173, 'std': 0.0067138669791916}, 'brier_score': {'mean': 0.12356610123988712, 'std': 0.002879489400954407}, 'cohen_kappa': {'mean': 0.6704359866754437, 'std': 0.012775115568415835}, 'f1': {'mean': 0.8168410921853624, 'std': 0.007688974811628133}, 'mean_absolute_stage_error': {'mean': 0.16275071276085223, 'std': 0.006184977286557934}, 'precision': {'mean': 0.8088904089940805, 'std': 0.0065452768105096195}, 'quadratic_weighted_kappa': {'mean': 0.6704359866754437, 'std': 0.012775115568415835}, 'recall': {'mean': 0.8250607579319759, 'std': 0.013005154224250288}, 'roc_auc': {'mean': 0.915981242193553, 'std': 0.0031647535385068886}}",0.8250607579319759,COMPLETE
42,0.8190588939004546,1.7177098231676438e-07,0.1240612093781547,280,40,19,0.8189760094532466,"{'accuracy': {'mean': 0.8388166180306562, 'std': 0.004954496544461172}, 'balanced_accuracy': {'mean': 0.8377477075943579, 'std': 0.0054084019777063605}, 'brier_score': {'mean': 0.12078144294112445, 'std': 0.003247953521717279}, 'cohen_kappa': {'mean': 0.6737518098805391, 'std': 0.010268054217874339}, 'f1': {'mean': 0.8189760094532466, 'std': 0.006232079939320667}, 'mean_absolute_stage_error': {'mean': 0.16118338196934373, 'std': 0.004954496544461182}, 'precision': {'mean': 0.8093987634078529, 'std': 0.004822151161119529}, 'quadratic_weighted_kappa': {'mean': 0.6737518098805391, 'std': 0.010268054217874339}, 'recall': {'mean': 0.8288444720810799, 'std': 0.010338326962057358}, 'roc_auc': {'mean': 0.9169485756246022, 'std': 0.003759452598319587}}",0.8288444720810799,COMPLETE
43,0.8132060389637656,1.1518720777559344e-07,0.09259781609441714,240,47,25,0.8131233101460493,"{'accuracy': {'mean': 0.8327448112400241, 'std': 0.005236654160653933}, 'balanced_accuracy': {'mean': 0.8321615619217806, 'std': 0.005932470353522776}, 'brier_score': {'mean': 0.12123119291784117, 'std': 0.0029732454143282057}, 'cohen_kappa': {'mean': 0.6618443326770459, 'std': 0.010968604572531696}, 'f1': {'mean': 0.8131233101460493, 'std': 0.006931067464908211}, 'mean_absolute_stage_error': {'mean': 0.1672551887599759, 'std': 0.005236654160653927}, 'precision': {'mean': 0.7995721811101016, 'std': 0.0055126319460840085}, 'quadratic_weighted_kappa': {'mean': 0.6618443326770459, 'std': 0.010968604572531696}, 'recall': {'mean': 0.8272881771629453, 'std': 0.013759789528784695}, 'roc_auc': {'mean': 0.9152685834730555, 'std': 0.0037532681469968736}}",0.8272881771629453,COMPLETE
44,0.8196401540771026,5.681948674587032e-07,0.14232002760094625,240,60,30,0.819557358741528,"{'accuracy': {'mean': 0.8395994924020916, 'std': 0.0057089005285069026}, 'balanced_accuracy': {'mean': 0.8383517122871214, 'std': 0.005799501141873389}, 'brier_score': {'mean': 0.12474861819005963, 'std': 0.0033392818708607597}, 'cohen_kappa': {'mean': 0.6752207907591632, 'std': 0.01155431230838586}, 'f1': {'mean': 0.819557358741528, 'std': 0.006477263871738463}, 'mean_absolute_stage_error': {'mean': 0.16040050759790841, 'std': 0.005708900528506897}, 'precision': {'mean': 0.8113913754099478, 'std': 0.007693498186132429}, 'quadratic_weighted_kappa': {'mean': 0.6752207907591632, 'std': 0.01155431230838586}, 'recall': {'mean': 0.8279533557454336, 'std': 0.008802783990831056}, 'roc_auc': {'mean': 0.9168954747547007, 'std': 0.003351207014085569}}",0.8279533557454336,COMPLETE
45,0.8199913184534233,7.72144239992468e-06,0.07882414851476702,280,55,41,0.8199084118335958,"{'accuracy': {'mean': 0.8397948993793095, 'std': 0.007920116718823322}, 'balanced_accuracy': {'mean': 0.8386455898839704, 'std': 0.008359296090242722}, 'brier_score': {'mean': 0.11862694592786685, 'std': 0.003440716079648919}, 'cohen_kappa': {'mean': 0.6756681464157998, 'std': 0.016225857286030564}, 'f1': {'mean': 0.8199084118335958, 'std': 0.009443617056645152}, 'mean_absolute_stage_error': {'mean': 0.1602051006206904, 'std': 0.007920116718823318}, 'precision': {'mean': 0.8110294964066199, 'std': 0.008247043509988656}, 'quadratic_weighted_kappa': {'mean': 0.6756681464157998, 'std': 0.016225857286030564}, 'recall': {'mean': 0.8290661982752427, 'std': 0.013469867474222515}, 'roc_auc': {'mean': 0.9178309512743074, 'std': 0.0038090155000317758}}",0.8290661982752427,COMPLETE
46,0.8174840513006303,9.63401186076679e-07,0.11871646279898933,240,51,31,0.8174014785831094,"{'accuracy': {'mean': 0.8377392429082274, 'std': 0.004904194085291393}, 'balanced_accuracy': {'mean': 0.8364515263495622, 'std': 0.005734928124279118}, 'brier_score': {'mean': 0.12263951986713813, 'std': 0.002955094666291674}, 'cohen_kappa': {'mean': 0.6714300290659277, 'std': 0.01041209202531693}, 'f1': {'mean': 0.8174014785831094, 'std': 0.006765241236891113}, 'mean_absolute_stage_error': {'mean': 0.16226075709177273, 'std': 0.004904194085291365}, 'precision': {'mean': 0.8093300816082551, 'std': 0.002163719870505208}, 'quadratic_weighted_kappa': {'mean': 0.6714300290659277, 'std': 0.01041209202531693}, 'recall': {'mean': 0.8257271752082863, 'std': 0.012914215088640558}, 'roc_auc': {'mean': 0.9154438915964885, 'std': 0.003296858800986632}}",0.8257271752082863,COMPLETE
47,0.8115531248395319,1.535138972132449e-05,0.15430205714465775,80,34,22,0.8114692390570118,"{'accuracy': {'mean': 0.828533589529331, 'std': 0.006580098965951419}, 'balanced_accuracy': {'mean': 0.8296406606072649, 'std': 0.006924684569699013}, 'brier_score': {'mean': 0.12171182428107744, 'std': 0.001972743339894792}, 'cohen_kappa': {'mean': 0.6545432351055314, 'std': 0.013415891171638366}, 'f1': {'mean': 0.8114692390570118, 'std': 0.00775316863423361}, 'mean_absolute_stage_error': {'mean': 0.17146641047066907, 'std': 0.006580098965951379}, 'precision': {'mean': 0.785917818823481, 'std': 0.007755892081786443}, 'quadratic_weighted_kappa': {'mean': 0.6545432351055314, 'std': 0.013415891171638366}, 'recall': {'mean': 0.8388578252004827, 'std': 0.01268849271440317}, 'roc_auc': {'mean': 0.9094518754691284, 'std': 0.0024002825914417525}}",0.8388578252004827,COMPLETE
48,0.8186514892618759,6.42266214431886e-08,0.10271676198499859,280,61,12,0.8185688721495685,"{'accuracy': {'mean': 0.8389141297557942, 'std': 0.00650975899126046}, 'balanced_accuracy': {'mean': 0.8375482379682507, 'std': 0.007132424833900255}, 'brier_score': {'mean': 0.12347806259968434, 'std': 0.00224188073016708}, 'cohen_kappa': {'mean': 0.6737484099837543, 'std': 0.013520813960481824}, 'f1': {'mean': 0.8185688721495685, 'std': 0.008220161573413}, 'mean_absolute_stage_error': {'mean': 0.16108587024420598, 'std': 0.006509758991260464}, 'precision': {'mean': 0.8111717188942468, 'std': 0.005273782336625857}, 'quadratic_weighted_kappa': {'mean': 0.6737484099837543, 'std': 0.013520813960481824}, 'recall': {'mean': 0.8261711230741409, 'std': 0.012966220328713664}, 'roc_auc': {'mean': 0.9178403859693276, 'std': 0.0019417592300093706}}",0.8261711230741409,COMPLETE
49,0.8160269968395849,3.278095221974135e-06,0.2130101418747598,200,46,37,0.815944401676932,"{'accuracy': {'mean': 0.8360751195045981, 'std': 0.005316760629211734}, 'balanced_accuracy': {'mean': 0.8349908607716025, 'std': 0.005617984074606186}, 'brier_score': {'mean': 0.12804131287206463, 'std': 0.0036431786002887644}, 'cohen_kappa': {'mean': 0.6682223186387131, 'std': 0.01089712517623128}, 'f1': {'mean': 0.815944401676932, 'std': 0.006400354921433671}, 'mean_absolute_stage_error': {'mean': 0.16392488049540174, 'std': 0.005316760629211721}, 'precision': {'mean': 0.8062498177106494, 'std': 0.006472588418030376}, 'quadratic_weighted_kappa': {'mean': 0.6682223186387131, 'std': 0.01089712517623128}, 'recall': {'mean': 0.8259516265288578, 'std': 0.010189973849423379}, 'roc_auc': {'mean': 0.9140718630806537, 'std': 0.0036200094745812536}}",0.8259516265288578,COMPLETE
