number,value,params_depth,params_iterations,params_l2_leaf_reg,params_learning_rate,user_attrs_f1,user_attrs_metrics,user_attrs_recall,state
0,0.8002236209510818,5,120,7.585243326167403,0.10550756919226546,0.8001419831005624,"{'accuracy': {'mean': 0.8206017250083057, 'std': 0.007827762738700856}, 'balanced_accuracy': {'mean': 0.8201492523521969, 'std': 0.008229508038146602}, 'brier_score': {'mean': 0.12767905772836607, 'std': 0.0014496863412926699}, 'cohen_kappa': {'mean': 0.6375212116618707, 'std': 0.015999116853597836}, 'f1': {'mean': 0.8001419831005624, 'std': 0.009252189198769429}, 'mean_absolute_stage_error': {'mean': 0.17939827499169425, 'std': 0.007827762738700879}, 'precision': {'mean': 0.7846104189780417, 'std': 0.008158494056190593}, 'quadratic_weighted_kappa': {'mean': 0.6375212116618707, 'std': 0.015999116853597836}, 'recall': {'mean': 0.8163785051938433, 'std': 0.013085481826106268}, 'roc_auc': {'mean': 0.9006818086393082, 'std': 0.0026096205884863968}}",0.8163785051938433,COMPLETE
1,0.7154022211347774,3,80,10.527937603524286,0.012055838049211991,0.7153294858263054,"{'accuracy': {'mean': 0.7453006204027703, 'std': 0.004594832382658023}, 'balanced_accuracy': {'mean': 0.7433760204842875, 'std': 0.004259087200838265}, 'brier_score': {'mean': 0.19372575264486383, 'std': 0.0005779249169731308}, 'cohen_kappa': {'mean': 0.48501292355750947, 'std': 0.008803651122298235}, 'f1': {'mean': 0.7153294858263054, 'std': 0.004526969991294336}, 'mean_absolute_stage_error': {'mean': 0.25469937959722955, 'std': 0.0045948323826580225}, 'precision': {'mean': 0.7038309553338404, 'std': 0.00766743806991288}, 'quadratic_weighted_kappa': {'mean': 0.48501292355750947, 'std': 0.008803651122298235}, 'recall': {'mean': 0.7273530847192252, 'std': 0.009084151738673085}, 'roc_auc': {'mean': 0.823337955219689, 'std': 0.00394725657412545}}",0.7273530847192252,COMPLETE
2,0.7579436499704274,5,200,11.669008373781937,0.010685033500506827,0.757866151958531,"{'accuracy': {'mean': 0.7822164789062579, 'std': 0.004713502165316218}, 'balanced_accuracy': {'mean': 0.7814400071721825, 'std': 0.005817146205977499}, 'brier_score': {'mean': 0.15797956183928252, 'std': 0.0015049456022026956}, 'cohen_kappa': {'mean': 0.56016047771227, 'std': 0.010368227734275929}, 'f1': {'mean': 0.757866151958531, 'std': 0.00750448815427322}, 'mean_absolute_stage_error': {'mean': 0.21778352109374213, 'std': 0.004713502165316205}, 'precision': {'mean': 0.7416737931498535, 'std': 0.003459799762878774}, 'quadratic_weighted_kappa': {'mean': 0.56016047771227, 'std': 0.010368227734275929}, 'recall': {'mean': 0.7749801189641548, 'std': 0.0163236335949548}, 'roc_auc': {'mean': 0.8644549426825762, 'std': 0.004764971751631215}}",0.7749801189641548,COMPLETE
3,0.7577169321412199,3,240,3.017449608387772,0.017954792739743507,0.7576395010435638,"{'accuracy': {'mean': 0.782118727476781, 'std': 0.0037479475640659794}, 'balanced_accuracy': {'mean': 0.7812802611456482, 'std': 0.004782721910139555}, 'brier_score': {'mean': 0.15523718215866664, 'std': 0.0017065139797187957}, 'cohen_kappa': {'mean': 0.5599149866054546, 'std': 0.00837401001747723}, 'f1': {'mean': 0.7576395010435638, 'std': 0.006352117524718339}, 'mean_absolute_stage_error': {'mean': 0.21788127252321896, 'std': 0.00374794756406601}, 'precision': {'mean': 0.7418363206848161, 'std': 0.003307981626796688}, 'quadratic_weighted_kappa': {'mean': 0.5599149866054546, 'std': 0.00837401001747723}, 'recall': {'mean': 0.7743109765614357, 'std': 0.014753366022640269}, 'roc_auc': {'mean': 0.8635697809721299, 'std': 0.0048238321377589355}}",0.7743109765614357,COMPLETE
4,0.772756526497889,4,120,4.203520542178461,0.04016365455719544,0.7726777820874948,"{'accuracy': {'mean': 0.7962194790457657, 'std': 0.003477585555794843}, 'balanced_accuracy': {'mean': 0.7952781948653636, 'std': 0.0046047474689417}, 'brier_score': {'mean': 0.1460336691430431, 'std': 0.0017043288645729646}, 'cohen_kappa': {'mean': 0.5881412685619407, 'std': 0.007872744757829436}, 'f1': {'mean': 0.7726777820874948, 'std': 0.006079017771984386}, 'mean_absolute_stage_error': {'mean': 0.2037805209542342, 'std': 0.003477585555794844}, 'precision': {'mean': 0.7586220474320624, 'std': 0.002828156312562854}, 'quadratic_weighted_kappa': {'mean': 0.5881412685619407, 'std': 0.007872744757829436}, 'recall': {'mean': 0.7874441039412761, 'std': 0.014684353729763386}, 'roc_auc': {'mean': 0.8771840496945703, 'std': 0.004170156519588198}}",0.7874441039412761,COMPLETE
5,0.7638401195216151,3,200,5.029980276230608,0.025609476007275242,0.7637621319779202,"{'accuracy': {'mean': 0.7877978026782646, 'std': 0.003933667583140127}, 'balanced_accuracy': {'mean': 0.786947718535804, 'std': 0.004856131923870885}, 'brier_score': {'mean': 0.15170711610465043, 'std': 0.0017582675363648763}, 'cohen_kappa': {'mean': 0.5713059239579044, 'std': 0.008672674085829293}, 'f1': {'mean': 0.7637621319779202, 'std': 0.006236604506668256}, 'mean_absolute_stage_error': {'mean': 0.21220219732173548, 'std': 0.003933667583140138}, 'precision': {'mean': 0.7483991664032875, 'std': 0.001684393160497448}, 'quadratic_weighted_kappa': {'mean': 0.5713059239579044, 'std': 0.008672674085829293}, 'recall': {'mean': 0.7798754369492459, 'std': 0.01284629315077421}, 'roc_auc': {'mean': 0.8685876588194781, 'std': 0.004587648653409106}}",0.7798754369492459,COMPLETE
6,0.768335596190335,5,160,6.6565788225497275,0.01901656047035859,0.7682570966944834,"{'accuracy': {'mean': 0.7917150030466422, 'std': 0.004180363266270555}, 'balanced_accuracy': {'mean': 0.7909939521639936, 'std': 0.005307312156993317}, 'brier_score': {'mean': 0.14999262870477062, 'std': 0.0014813914509219331}, 'cohen_kappa': {'mean': 0.5792744724999594, 'std': 0.009322276109830836}, 'f1': {'mean': 0.7682570966944834, 'std': 0.006861365865598994}, 'mean_absolute_stage_error': {'mean': 0.20828499695335784, 'std': 0.004180363266270541}, 'precision': {'mean': 0.7523531113103072, 'std': 0.0010197288835966727}, 'quadratic_weighted_kappa': {'mean': 0.5792744724999594, 'std': 0.009322276109830836}, 'recall': {'mean': 0.7849949585161439, 'std': 0.014773745192535475}, 'roc_auc': {'mean': 0.8732429431141154, 'std': 0.0040689272321137275}}",0.7849949585161439,COMPLETE
7,0.7865767621699069,3,160,2.875765360560207,0.07068239480981442,0.7864965932616174,"{'accuracy': {'mean': 0.8085578284320987, 'std': 0.007820148427770355}, 'balanced_accuracy': {'mean': 0.8078209530503297, 'std': 0.00847297855436229}, 'brier_score': {'mean': 0.13740300416718648, 'std': 0.0022537588934239674}, 'cohen_kappa': {'mean': 0.6130951844015989, 'std': 0.016194650892627623}, 'f1': {'mean': 0.7864965932616174, 'std': 0.009741985833339573}, 'mean_absolute_stage_error': {'mean': 0.19144217156790128, 'std': 0.007820148427770377}, 'precision': {'mean': 0.7719328481317402, 'std': 0.006448148218731602}, 'quadratic_weighted_kappa': {'mean': 0.6130951844015989, 'std': 0.016194650892627623}, 'recall': {'mean': 0.8016890828958679, 'std': 0.014545169958959492}, 'roc_auc': {'mean': 0.8877858332568088, 'std': 0.004240762972961975}}",0.8016890828958679,COMPLETE
8,0.8058576007975639,5,80,9.892370829281072,0.22381833088786565,0.8057754062780408,"{'accuracy': {'mean': 0.8256946751598708, 'std': 0.004646449750492556}, 'balanced_accuracy': {'mean': 0.8252935784716806, 'std': 0.005120413488254403}, 'brier_score': {'mean': 0.1244641666806395, 'std': 0.0025204783422016243}, 'cohen_kappa': {'mean': 0.6477967671927984, 'std': 0.009639421293980847}, 'f1': {'mean': 0.8057754062780408, 'std': 0.0059278863536089904}, 'mean_absolute_stage_error': {'mean': 0.17430532484012917, 'std': 0.0046464497504925635}, 'precision': {'mean': 0.7903220389750144, 'std': 0.005300247034606541}, 'quadratic_weighted_kappa': {'mean': 0.6477967671927984, 'std': 0.009639421293980847}, 'recall': {'mean': 0.8219451952305332, 'std': 0.011236341037551384}, 'roc_auc': {'mean': 0.904416968292735, 'std': 0.004067417923408399}}",0.8219451952305332,COMPLETE
9,0.7841736949724839,3,120,5.841677431135614,0.09047252745704347,0.7840936821891636,"{'accuracy': {'mean': 0.8062071918013446, 'std': 0.009782492859398988}, 'balanced_accuracy': {'mean': 0.805554467170513, 'std': 0.01052436579647642}, 'brier_score': {'mean': 0.13854465500617746, 'std': 0.002309151835567494}, 'cohen_kappa': {'mean': 0.6084301892793629, 'std': 0.02022154410625914}, 'f1': {'mean': 0.7840936821891636, 'std': 0.012062124157223039}, 'mean_absolute_stage_error': {'mean': 0.19379280819865546, 'std': 0.009782492859398978}, 'precision': {'mean': 0.7687403292535241, 'std': 0.007944889867794788}, 'quadratic_weighted_kappa': {'mean': 0.6084301892793629, 'std': 0.02022154410625914}, 'recall': {'mean': 0.8001278332024448, 'std': 0.016848034512223973}, 'roc_auc': {'mean': 0.8858118190778761, 'std': 0.004365652427579103}}",0.8001278332024448,COMPLETE
10,0.7947020140812493,4,80,1.19758063176302,0.22664947481511868,0.7946209994175918,"{'accuracy': {'mean': 0.8158037550164126, 'std': 0.007507848705071553}, 'balanced_accuracy': {'mean': 0.8151968889423991, 'std': 0.008170113125684176}, 'brier_score': {'mean': 0.12868286151630456, 'std': 0.002237487902739697}, 'cohen_kappa': {'mean': 0.6277566312990622, 'std': 0.01556017235882372}, 'f1': {'mean': 0.7946209994175918, 'std': 0.009388327018809144}, 'mean_absolute_stage_error': {'mean': 0.18419624498358744, 'std': 0.007507848705071561}, 'precision': {'mean': 0.7797473099352967, 'std': 0.006076861075985315}, 'quadratic_weighted_kappa': {'mean': 0.6277566312990622, 'std': 0.01556017235882372}, 'recall': {'mean': 0.8101466365746648, 'std': 0.014361590064321418}, 'roc_auc': {'mean': 0.8984980832851909, 'std': 0.0034692135990799966}}",0.8101466365746648,COMPLETE
11,0.8068800297776264,5,120,8.45716756215759,0.23970523483895967,0.8067978799501765,"{'accuracy': {'mean': 0.8269672654960466, 'std': 0.0067851181937787775}, 'balanced_accuracy': {'mean': 0.8263813069173557, 'std': 0.007663063888026542}, 'brier_score': {'mean': 0.12301967393797955, 'std': 0.002873391385542834}, 'cohen_kappa': {'mean': 0.6502117690685288, 'std': 0.014244670313804282}, 'f1': {'mean': 0.8067978799501765, 'std': 0.008928957409573841}, 'mean_absolute_stage_error': {'mean': 0.17303273450395346, 'std': 0.006785118193778778}, 'precision': {'mean': 0.7927033778708477, 'std': 0.003821614893281151}, 'quadratic_weighted_kappa': {'mean': 0.6502117690685288, 'std': 0.014244670313804282}, 'recall': {'mean': 0.8214982744995056, 'std': 0.015223408396183321}, 'roc_auc': {'mean': 0.9058976084692304, 'std': 0.003695911729952424}}",0.8214982744995056,COMPLETE
12,0.8023846990181228,5,80,8.684865239912481,0.24667734796935947,0.8023028602762393,"{'accuracy': {'mean': 0.8225613559211526, 'std': 0.0038411906979808697}, 'balanced_accuracy': {'mean': 0.822115324110562, 'std': 0.004059007445223782}, 'brier_score': {'mean': 0.12532732216255338, 'std': 0.002563382575839326}, 'cohen_kappa': {'mean': 0.6414715863820866, 'std': 0.007841018263315418}, 'f1': {'mean': 0.8023028602762393, 'std': 0.004571924602574539}, 'mean_absolute_stage_error': {'mean': 0.17743864407884738, 'std': 0.0038411906979808766}, 'precision': {'mean': 0.7868906120641161, 'std': 0.004907133957163185}, 'quadratic_weighted_kappa': {'mean': 0.6414715863820866, 'std': 0.007841018263315418}, 'recall': {'mean': 0.8183874188345873, 'std': 0.007994992626523374}, 'roc_auc': {'mean': 0.9027616775282112, 'std': 0.0038739602284662477}}",0.8183874188345873,COMPLETE
13,0.8017125014248845,4,120,9.301112707496978,0.15723331519003947,0.8016308189813875,"{'accuracy': {'mean': 0.822169391385889, 'std': 0.006697031371293799}, 'balanced_accuracy': {'mean': 0.8215965287991391, 'std': 0.0070980842576237055}, 'brier_score': {'mean': 0.1264278462787079, 'std': 0.002093756489086882}, 'cohen_kappa': {'mean': 0.6405869240832762, 'std': 0.013742953171887038}, 'f1': {'mean': 0.8016308189813875, 'std': 0.008074044775665527}, 'mean_absolute_stage_error': {'mean': 0.17783060861411099, 'std': 0.0066970313712938065}, 'precision': {'mean': 0.7870619326459993, 'std': 0.007051647977830373}, 'quadratic_weighted_kappa': {'mean': 0.6405869240832762, 'std': 0.013742953171887038}, 'recall': {'mean': 0.8168244349698132, 'std': 0.012003374127760966}, 'roc_auc': {'mean': 0.9020634043281227, 'std': 0.003777140334128838}}",0.8168244349698132,COMPLETE
14,0.7967845058946195,5,80,9.65220308100483,0.1548019839502522,0.7967029567841255,"{'accuracy': {'mean': 0.8168812260205772, 'std': 0.004076359344182216}, 'balanced_accuracy': {'mean': 0.8167325300591713, 'std': 0.003627865805667329}, 'brier_score': {'mean': 0.12894258837577272, 'std': 0.0010087078310298857}, 'cohen_kappa': {'mean': 0.63028514797796, 'std': 0.007823473168674737}, 'f1': {'mean': 0.7967029567841255, 'std': 0.0037062614206829197}, 'mean_absolute_stage_error': {'mean': 0.18311877397942283, 'std': 0.004076359344182186}, 'precision': {'mean': 0.7788790932458917, 'std': 0.008522857768359118}, 'quadratic_weighted_kappa': {'mean': 0.63028514797796, 'std': 0.007823473168674737}, 'recall': {'mean': 0.8154911049396633, 'std': 0.007281532841648125}, 'roc_auc': {'mean': 0.8988581663893589, 'std': 0.0020920279344021843}}",0.8154911049396633,COMPLETE
15,0.8053296163773043,4,160,8.005942324644032,0.16324582969148285,0.8052475557853572,"{'accuracy': {'mean': 0.8254006538175552, 'std': 0.007708209030432553}, 'balanced_accuracy': {'mean': 0.8248863313065792, 'std': 0.008205807952174616}, 'brier_score': {'mean': 0.12392397088428131, 'std': 0.0017123886132804885}, 'cohen_kappa': {'mean': 0.6471214167486707, 'std': 0.01583918684670014}, 'f1': {'mean': 0.8052475557853572, 'std': 0.009291313374898167}, 'mean_absolute_stage_error': {'mean': 0.17459934618244471, 'std': 0.007708209030432541}, 'precision': {'mean': 0.7905045708215445, 'std': 0.007145449281326244}, 'quadratic_weighted_kappa': {'mean': 0.6471214167486707, 'std': 0.01583918684670014}, 'recall': {'mean': 0.8206059194700372, 'std': 0.013132053491296232}, 'roc_auc': {'mean': 0.9052397731640391, 'std': 0.0027262509456720237}}",0.8206059194700372,COMPLETE
16,0.7902699955092157,5,120,11.956181849221789,0.05900615756170461,0.7901896040076463,"{'accuracy': {'mean': 0.8121802883451436, 'std': 0.008648414991250845}, 'balanced_accuracy': {'mean': 0.811294059309661, 'std': 0.008849553917980714}, 'brier_score': {'mean': 0.1355357598681904, 'std': 0.0019490796590321369}, 'cohen_kappa': {'mean': 0.620277477551811, 'std': 0.017533959185550452}, 'f1': {'mean': 0.7901896040076463, 'std': 0.009796995114921459}, 'mean_absolute_stage_error': {'mean': 0.18781971165485642, 'std': 0.008648414991250863}, 'precision': {'mean': 0.776933017943121, 'std': 0.00919325163877703}, 'quadratic_weighted_kappa': {'mean': 0.620277477551811, 'std': 0.017533959185550452}, 'recall': {'mean': 0.8039150156942508, 'std': 0.010742149609264586}, 'roc_auc': {'mean': 0.8909408975290294, 'std': 0.0037512098988195337}}",0.8039150156942508,COMPLETE
17,0.7954147957133384,5,80,10.095488519471454,0.1201614811943574,0.7953335140616145,"{'accuracy': {'mean': 0.8159995934614409, 'std': 0.0063375227876056595}, 'balanced_accuracy': {'mean': 0.815657932829755, 'std': 0.006971429111697887}, 'brier_score': {'mean': 0.13164302217932955, 'std': 0.0019102995431012424}, 'cohen_kappa': {'mean': 0.6283495371997286, 'std': 0.013169195596434959}, 'f1': {'mean': 0.7953335140616145, 'std': 0.00807917897507156}, 'mean_absolute_stage_error': {'mean': 0.18400040653855906, 'std': 0.0063375227876056655}, 'precision': {'mean': 0.7786947321015687, 'std': 0.006073626195361486}, 'quadratic_weighted_kappa': {'mean': 0.6283495371997286, 'std': 0.013169195596434959}, 'recall': {'mean': 0.8128165172389019, 'std': 0.013965729370992276}, 'roc_auc': {'mean': 0.8955343522814088, 'std': 0.0037251940249464046}}",0.8128165172389019,COMPLETE
18,0.807409015037783,4,160,7.443663306654929,0.24794664483519271,0.8073266200975995,"{'accuracy': {'mean': 0.8269670737325752, 'std': 0.006546440591401374}, 'balanced_accuracy': {'mean': 0.8266459439350763, 'std': 0.006410640477348483}, 'brier_score': {'mean': 0.12265889039527837, 'std': 0.002806628876920991}, 'cohen_kappa': {'mean': 0.6504245380979744, 'std': 0.013010788381592121}, 'f1': {'mean': 0.8073266200975995, 'std': 0.006957838927122831}, 'mean_absolute_stage_error': {'mean': 0.1730329262674247, 'std': 0.0065464405914013885}, 'precision': {'mean': 0.7915266054112148, 'std': 0.010590008122890016}, 'quadratic_weighted_kappa': {'mean': 0.6504245380979744, 'std': 0.013010788381592121}, 'recall': {'mean': 0.8239494018347532, 'std': 0.011117004841354193}, 'roc_auc': {'mean': 0.9064755976673853, 'std': 0.003920454718701655}}",0.8239494018347532,COMPLETE
19,0.8048247868913956,4,200,6.990305838006984,0.1723123377354733,0.8047428151385695,"{'accuracy': {'mean': 0.8250084975188203, 'std': 0.009744301705417367}, 'balanced_accuracy': {'mean': 0.8244413709374159, 'std': 0.010010840874448182}, 'brier_score': {'mean': 0.12172893580634206, 'std': 0.002647523065212768}, 'cohen_kappa': {'mean': 0.6463032237265448, 'std': 0.01974844986589137}, 'f1': {'mean': 0.8047428151385695, 'std': 0.01106986583079326}, 'mean_absolute_stage_error': {'mean': 0.1749915024811796, 'std': 0.009744301705417378}, 'precision': {'mean': 0.7903736489831598, 'std': 0.010778204932947451}, 'quadratic_weighted_kappa': {'mean': 0.6463032237265448, 'std': 0.01974844986589137}, 'recall': {'mean': 0.8197175282607996, 'std': 0.013777935882299872}, 'roc_auc': {'mean': 0.9078951543590852, 'std': 0.0034150400247280168}}",0.8197175282607996,COMPLETE
20,0.8003288709011578,4,160,6.005180285326546,0.13550245669712846,0.8002471882842437,"{'accuracy': {'mean': 0.8206027317665299, 'std': 0.0036685943226571266}, 'balanced_accuracy': {'mean': 0.8201983356274866, 'std': 0.004025785601887596}, 'brier_score': {'mean': 0.12514906522922226, 'std': 0.001796020861141475}, 'cohen_kappa': {'mean': 0.6375624063277268, 'std': 0.007626501798968716}, 'f1': {'mean': 0.8002471882842437, 'std': 0.0046534818628580455}, 'mean_absolute_stage_error': {'mean': 0.17939726823347008, 'std': 0.003668594322657145}, 'precision': {'mean': 0.7843512238749579, 'std': 0.003061537405301573}, 'quadratic_weighted_kappa': {'mean': 0.6375624063277268, 'std': 0.007626501798968716}, 'recall': {'mean': 0.816826169141164, 'std': 0.007501833628875245}, 'roc_auc': {'mean': 0.903925790723488, 'std': 0.0026910001205692814}}",0.816826169141164,COMPLETE
21,0.8029222439265524,5,120,8.365981962254443,0.24894140861231562,0.8028409393837667,"{'accuracy': {'mean': 0.8243234225177296, 'std': 0.007995390997276842}, 'balanced_accuracy': {'mean': 0.8231155043403046, 'std': 0.008164678065335775}, 'brier_score': {'mean': 0.1237111709927583, 'std': 0.002880607246151381}, 'cohen_kappa': {'mean': 0.6444754705481291, 'std': 0.01617371626234356}, 'f1': {'mean': 0.8028409393837667, 'std': 0.009108525009116823}, 'mean_absolute_stage_error': {'mean': 0.17567657748227025, 'std': 0.00799539099727684}, 'precision': {'mean': 0.7930237005779669, 'std': 0.010349063802583974}, 'quadratic_weighted_kappa': {'mean': 0.6444754705481291, 'std': 0.01617371626234356}, 'recall': {'mean': 0.8130454278572332, 'std': 0.013008477681092435}, 'roc_auc': {'mean': 0.904854090305889, 'std': 0.003780678340279771}}",0.8130454278572332,COMPLETE
22,0.8015264108382913,4,160,10.799623084208337,0.20075457637644764,0.8014449733093368,"{'accuracy': {'mean': 0.8224623580291125, 'std': 0.006718617747568981}, 'balanced_accuracy': {'mean': 0.821595885263258, 'std': 0.006753829479557292}, 'brier_score': {'mean': 0.12403927085868689, 'std': 0.0021355490591519533}, 'cohen_kappa': {'mean': 0.6409757865978419, 'std': 0.013540026201932853}, 'f1': {'mean': 0.8014449733093368, 'std': 0.007430917431853721}, 'mean_absolute_stage_error': {'mean': 0.17753764197088745, 'std': 0.006718617747568969}, 'precision': {'mean': 0.7889431373448021, 'std': 0.008173923022883849}, 'quadratic_weighted_kappa': {'mean': 0.6409757865978419, 'std': 0.013540026201932853}, 'recall': {'mean': 0.814375289544681, 'std': 0.007972237881334745}, 'roc_auc': {'mean': 0.9048677443511434, 'std': 0.002909173165845063}}",0.814375289544681,COMPLETE
23,0.8055676418442195,5,120,8.874793659456577,0.19368042230381408,0.8054857369313121,"{'accuracy': {'mean': 0.8259876897439622, 'std': 0.007459843670776476}, 'balanced_accuracy': {'mean': 0.8252442997451108, 'std': 0.007890225539837922}, 'brier_score': {'mean': 0.1229000806244313, 'std': 0.0026725343374268784}, 'cohen_kappa': {'mean': 0.6481436086822836, 'std': 0.015294813756361377}, 'f1': {'mean': 0.8054857369313121, 'std': 0.00889528066665272}, 'mean_absolute_stage_error': {'mean': 0.1740123102560378, 'std': 0.007459843670776475}, 'precision': {'mean': 0.7923973378688162, 'std': 0.006919777618532213}, 'quadratic_weighted_kappa': {'mean': 0.6481436086822836, 'std': 0.015294813756361377}, 'recall': {'mean': 0.8190491290743737, 'std': 0.011973673712811472}, 'roc_auc': {'mean': 0.9062974532625654, 'std': 0.003906529462911981}}",0.8190491290743737,COMPLETE
24,0.7886772212711824,5,80,7.346440912786456,0.08384518270837825,0.7885966739914779,"{'accuracy': {'mean': 0.8100264010359064, 'std': 0.004346058614003865}, 'balanced_accuracy': {'mean': 0.8095382908558746, 'std': 0.004806772734813686}, 'brier_score': {'mean': 0.13597369939712875, 'std': 0.0015391580826200992}, 'cohen_kappa': {'mean': 0.6162470588564786, 'std': 0.009055958660044506}, 'f1': {'mean': 0.7885966739914779, 'std': 0.0056612906199631835}, 'mean_absolute_stage_error': {'mean': 0.18997359896409372, 'std': 0.004346058614003882}, 'precision': {'mean': 0.772494811244399, 'std': 0.004899234796729257}, 'quadratic_weighted_kappa': {'mean': 0.6162470588564786, 'std': 0.009055958660044506}, 'recall': {'mean': 0.805472797044972, 'std': 0.010699757688191258}, 'roc_auc': {'mean': 0.8903585906442701, 'std': 0.003211856056959578}}",0.805472797044972,COMPLETE
25,0.8075547375896088,4,240,9.417791745147898,0.12149450835445107,0.8074726991702812,"{'accuracy': {'mean': 0.8279461700759814, 'std': 0.007902986717990482}, 'balanced_accuracy': {'mean': 0.8271353786402743, 'std': 0.008617871494418814}, 'brier_score': {'mean': 0.12214221462712724, 'std': 0.00219688087342977}, 'cohen_kappa': {'mean': 0.6520275616478023, 'std': 0.01636357138091069}, 'f1': {'mean': 0.8074726991702812, 'std': 0.009884868377081388}, 'mean_absolute_stage_error': {'mean': 0.17205382992401852, 'std': 0.00790298671799047}, 'precision': {'mean': 0.7950926361681956, 'std': 0.007398487433970717}, 'quadratic_weighted_kappa': {'mean': 0.6520275616478023, 'std': 0.01636357138091069}, 'recall': {'mean': 0.8203841932758745, 'std': 0.016212167170597258}, 'roc_auc': {'mean': 0.907650521480598, 'std': 0.003252723182633101}}",0.8203841932758745,COMPLETE
26,0.799715163831602,4,240,6.294275748510084,0.050486260529013643,0.7996334368199013,"{'accuracy': {'mean': 0.8198188506368705, 'std': 0.00487259860516886}, 'balanced_accuracy': {'mean': 0.8195454189217436, 'std': 0.005182637702141697}, 'brier_score': {'mean': 0.1300937076364515, 'std': 0.0015988894884242794}, 'cohen_kappa': {'mean': 0.6360820314012497, 'std': 0.009983354147417125}, 'f1': {'mean': 0.7996334368199013, 'std': 0.005861875636339538}, 'mean_absolute_stage_error': {'mean': 0.18018114936312954, 'std': 0.0048725986051688435}, 'precision': {'mean': 0.782796617215591, 'std': 0.0053421903817631195}, 'quadratic_weighted_kappa': {'mean': 0.6360820314012497, 'std': 0.009983354147417125}, 'recall': {'mean': 0.8172701170070186, 'std': 0.009499754636283353}, 'roc_auc': {'mean': 0.8983959940706043, 'std': 0.0030011594998376003}}",0.8172701170070186,COMPLETE
27,0.8098047472901982,4,240,8.006001249790211,0.13180538001523487,0.8097219967457923,"{'accuracy': {'mean': 0.8289255061237266, 'std': 0.005539322391843603}, 'balanced_accuracy': {'mean': 0.8287728506324801, 'std': 0.006009916795859701}, 'brier_score': {'mean': 0.12132614794058541, 'std': 0.0016751449598088005}, 'cohen_kappa': {'mean': 0.6544622666009363, 'std': 0.011426670641549251}, 'f1': {'mean': 0.8097219967457923, 'std': 0.00689034805575266}, 'mean_absolute_stage_error': {'mean': 0.17107449387627321, 'std': 0.005539322391843597}, 'precision': {'mean': 0.7928030341354887, 'std': 0.006614511283072198}, 'quadratic_weighted_kappa': {'mean': 0.6544622666009363, 'std': 0.011426670641549251}, 'recall': {'mean': 0.8275054440593482, 'std': 0.012622721319618115}, 'roc_auc': {'mean': 0.9085314508814324, 'std': 0.0024785020545416052}}",0.8275054440593482,COMPLETE
28,0.8065463970357533,4,240,5.191327433955594,0.11405109264278929,0.8064639354042944,"{'accuracy': {'mean': 0.8258905136048993, 'std': 0.0029496762995514917}, 'balanced_accuracy': {'mean': 0.8257542475120401, 'std': 0.003314737668664357}, 'brier_score': {'mean': 0.12233053842940551, 'std': 0.0012794522926787447}, 'cohen_kappa': {'mean': 0.6483799773933119, 'std': 0.006110906289831993}, 'f1': {'mean': 0.8064639354042944, 'std': 0.0039884638870135115}, 'mean_absolute_stage_error': {'mean': 0.17410948639510085, 'std': 0.0029496762995514627}, 'precision': {'mean': 0.7892293858210023, 'std': 0.005996107299710803}, 'quadratic_weighted_kappa': {'mean': 0.6483799773933119, 'std': 0.006110906289831993}, 'recall': {'mean': 0.8246163145885926, 'std': 0.010751308334668804}, 'roc_auc': {'mean': 0.9077753026343846, 'std': 0.0023097628235497786}}",0.8246163145885926,COMPLETE
29,0.807341300475249,4,240,7.693779867209996,0.10166230576520059,0.8072589282279363,"{'accuracy': {'mean': 0.8269670257917074, 'std': 0.008851614330163312}, 'balanced_accuracy': {'mean': 0.8266192803567456, 'std': 0.009158525875544775}, 'brier_score': {'mean': 0.12273902719531851, 'std': 0.002324078021898694}, 'cohen_kappa': {'mean': 0.6503930398654127, 'std': 0.017980636232995097}, 'f1': {'mean': 0.8072589282279363, 'std': 0.010181478747541783}, 'mean_absolute_stage_error': {'mean': 0.1730329742082925, 'std': 0.008851614330163276}, 'precision': {'mean': 0.791522947343348, 'std': 0.009871273889412705}, 'quadratic_weighted_kappa': {'mean': 0.6503930398654127, 'std': 0.017980636232995097}, 'recall': {'mean': 0.8237224731265375, 'std': 0.013588881705692309}, 'roc_auc': {'mean': 0.9073281288734922, 'std': 0.0036915889218630217}}",0.8237224731265375,COMPLETE
30,0.806773095337547,4,200,7.584914066552962,0.12890188130047464,0.8066908785958569,"{'accuracy': {'mean': 0.8266732920945989, 'std': 0.007084080334266368}, 'balanced_accuracy': {'mean': 0.826190943735513, 'std': 0.007577410051630103}, 'brier_score': {'mean': 0.12325088677849239, 'std': 0.0018872273094074194}, 'cohen_kappa': {'mean': 0.6497038647725859, 'std': 0.01456704142050079}, 'f1': {'mean': 0.8066908785958569, 'std': 0.008578931128051739}, 'mean_absolute_stage_error': {'mean': 0.17332670790540114, 'std': 0.007084080334266368}, 'precision': {'mean': 0.7918514079461747, 'std': 0.006719684958434717}, 'quadratic_weighted_kappa': {'mean': 0.6497038647725859, 'std': 0.01456704142050079}, 'recall': {'mean': 0.8221674169022248, 'std': 0.0128152883987849}, 'roc_auc': {'mean': 0.9060823810578201, 'std': 0.0022491937806000677}}",0.8221674169022248,COMPLETE
31,0.8081960776322095,4,240,7.8745781714218905,0.09823691526088986,0.8081134381986393,"{'accuracy': {'mean': 0.8273590862087067, 'std': 0.006470712097306202}, 'balanced_accuracy': {'mean': 0.8272557579917125, 'std': 0.006877979580305267}, 'brier_score': {'mean': 0.12287677526256806, 'std': 0.0022068659289838127}, 'cohen_kappa': {'mean': 0.6513487959738293, 'std': 0.01327629607125982}, 'f1': {'mean': 0.8081134381986393, 'std': 0.007757659627412507}, 'mean_absolute_stage_error': {'mean': 0.17264091379129326, 'std': 0.006470712097306186}, 'precision': {'mean': 0.7906630222948314, 'std': 0.006083875752641562}, 'quadratic_weighted_kappa': {'mean': 0.6513487959738293, 'std': 0.01327629607125982}, 'recall': {'mean': 0.8263943357008902, 'std': 0.011048205846177293}, 'roc_auc': {'mean': 0.9069824651393615, 'std': 0.0032711241805041774}}",0.8263943357008902,COMPLETE
32,0.8036803099200758,4,240,10.804051472199436,0.07595433504998123,0.8035982491547117,"{'accuracy': {'mean': 0.8235396852106739, 'std': 0.00656217825139537}, 'balanced_accuracy': {'mean': 0.8232258238962344, 'std': 0.006868714599338191}, 'brier_score': {'mean': 0.12545884866172835, 'std': 0.0021286865999696077}, 'cohen_kappa': {'mean': 0.6435285911450903, 'std': 0.013397489281564008}, 'f1': {'mean': 0.8035982491547117, 'std': 0.00770245543779319}, 'mean_absolute_stage_error': {'mean': 0.17646031478932625, 'std': 0.00656217825139537}, 'precision': {'mean': 0.7873158428767195, 'std': 0.006746237283832671}, 'quadratic_weighted_kappa': {'mean': 0.6435285911450903, 'std': 0.013397489281564008}, 'recall': {'mean': 0.8206076536413882, 'std': 0.010365087283730815}, 'roc_auc': {'mean': 0.9040397447509619, 'std': 0.003351742518232518}}",0.8206076536413882,COMPLETE
33,0.7949998665938505,4,200,9.179352233314775,0.0646659972112201,0.7949188073372154,"{'accuracy': {'mean': 0.8159997852249121, 'std': 0.005409650607544184}, 'balanced_accuracy': {'mean': 0.8154200832597474, 'std': 0.005698231926356546}, 'brier_score': {'mean': 0.12976133937836093, 'std': 0.0016815809171464703}, 'cohen_kappa': {'mean': 0.6281832906314617, 'std': 0.01106666772915882}, 'f1': {'mean': 0.7949188073372154, 'std': 0.006434606506310106}, 'mean_absolute_stage_error': {'mean': 0.18400021477508782, 'std': 0.005409650607544181}, 'precision': {'mean': 0.779882835693331, 'std': 0.005773291337957992}, 'quadratic_weighted_kappa': {'mean': 0.6281832906314617, 'std': 0.01106666772915882}, 'recall': {'mean': 0.8105925663506346, 'std': 0.009431361335415405}, 'roc_auc': {'mean': 0.8985781927568551, 'std': 0.0027382131320963276}}",0.8105925663506346,COMPLETE
34,0.8034169391614189,4,240,7.0621962125568345,0.09978304766846408,0.8033351010141084,"{'accuracy': {'mean': 0.8237352360104951, 'std': 0.007344481083478084}, 'balanced_accuracy': {'mean': 0.8231617611530664, 'std': 0.007735533420121012}, 'brier_score': {'mean': 0.12292959069607345, 'std': 0.0024774097454390402}, 'cohen_kappa': {'mean': 0.6437346594283284, 'std': 0.01502592752667558}, 'f1': {'mean': 0.8033351010141084, 'std': 0.00870821453751136}, 'mean_absolute_stage_error': {'mean': 0.17626476398950477, 'std': 0.007344481083478085}, 'precision': {'mean': 0.7888909249417327, 'std': 0.007524566165124533}, 'quadratic_weighted_kappa': {'mean': 0.6437346594283284, 'std': 0.01502592752667558}, 'recall': {'mean': 0.818381473104241, 'std': 0.012255121306674105}, 'roc_auc': {'mean': 0.9070183516646846, 'std': 0.0036405046738511655}}",0.818381473104241,COMPLETE
35,0.7869684325663355,4,200,8.076054737622819,0.03949956334348077,0.7868881524481146,"{'accuracy': {'mean': 0.8087531874684488, 'std': 0.007992824625413493}, 'balanced_accuracy': {'mean': 0.8081152238035767, 'std': 0.008752876963228759}, 'brier_score': {'mean': 0.13776348713710634, 'std': 0.0021503564261083183}, 'cohen_kappa': {'mean': 0.6135598807561018, 'std': 0.016615188244947128}, 'f1': {'mean': 0.7868881524481146, 'std': 0.010115154591634614}, 'mean_absolute_stage_error': {'mean': 0.1912468125315511, 'std': 0.00799282462541352}, 'precision': {'mean': 0.7716747269979424, 'std': 0.006238043618530261}, 'quadratic_weighted_kappa': {'mean': 0.6135598807561018, 'std': 0.016615188244947128}, 'recall': {'mean': 0.8028011822093838, 'std': 0.015699896160529282}, 'roc_auc': {'mean': 0.8878709122776156, 'std': 0.004238348224286474}}",0.8028011822093838,COMPLETE
36,0.8039957557320856,3,240,11.245738599027096,0.13507134543544705,0.8039134944965133,"{'accuracy': {'mean': 0.8234419817220647, 'std': 0.005446503431062607}, 'balanced_accuracy': {'mean': 0.8233543549688008, 'std': 0.0053287925565084875}, 'brier_score': {'mean': 0.12448936472108305, 'std': 0.0026713361650485515}, 'cohen_kappa': {'mean': 0.6435030279791334, 'std': 0.010823392226129871}, 'f1': {'mean': 0.8039134944965133, 'std': 0.005795454980501465}, 'mean_absolute_stage_error': {'mean': 0.17655801827793527, 'std': 0.005446503431062618}, 'precision': {'mean': 0.7861609853289411, 'std': 0.008844802571306968}, 'quadratic_weighted_kappa': {'mean': 0.6435030279791334, 'std': 0.010823392226129871}, 'recall': {'mean': 0.822612355723137, 'std': 0.009307025476295623}, 'roc_auc': {'mean': 0.904413221460478, 'std': 0.00396481812619851}}",0.822612355723137,COMPLETE
37,0.7931220012832638,4,200,10.30498461776609,0.05462594719930046,0.793041164941969,"{'accuracy': {'mean': 0.8144324544334036, 'std': 0.009267679626442843}, 'balanced_accuracy': {'mean': 0.813781107510566, 'std': 0.009916856123930728}, 'brier_score': {'mean': 0.13241310490051267, 'std': 0.0017320853148036005}, 'cohen_kappa': {'mean': 0.6249645893681517, 'std': 0.01909626771007875}, 'f1': {'mean': 0.793041164941969, 'std': 0.01128573150940927}, 'mean_absolute_stage_error': {'mean': 0.18556754556659633, 'std': 0.009267679626442862}, 'precision': {'mean': 0.7783400490677744, 'std': 0.007880950457485138}, 'quadratic_weighted_kappa': {'mean': 0.6249645893681517, 'std': 0.01909626771007875}, 'recall': {'mean': 0.8083634129483143, 'std': 0.015693350229888294}, 'roc_auc': {'mean': 0.894981036615978, 'std': 0.0032727639104738007}}",0.8083634129483143,COMPLETE
38,0.7865362484589785,3,240,5.356910488272616,0.04473377291327849,0.7864563466873986,"{'accuracy': {'mean': 0.8091451040628448, 'std': 0.005428027116993279}, 'balanced_accuracy': {'mean': 0.80805930788698, 'std': 0.006162443405408134}, 'brier_score': {'mean': 0.13793529516729924, 'std': 0.001996802886701076}, 'cohen_kappa': {'mean': 0.6140094769938991, 'std': 0.011460056230054694}, 'f1': {'mean': 0.7864563466873986, 'std': 0.007332072961324755}, 'mean_absolute_stage_error': {'mean': 0.19085489593715527, 'std': 0.005428027116993265}, 'precision': {'mean': 0.7743591941637629, 'std': 0.003664757796933196}, 'quadratic_weighted_kappa': {'mean': 0.6140094769938991, 'std': 0.011460056230054694}, 'recall': {'mean': 0.7990177157990443, 'std': 0.012820309617974248}, 'roc_auc': {'mean': 0.8873360073166674, 'std': 0.0040912029446374945}}",0.7990177157990443,COMPLETE
39,0.8031242476537108,4,200,4.009295066650935,0.08589297877212254,0.8030422759752064,"{'accuracy': {'mean': 0.8231478644980136, 'std': 0.008515754548126423}, 'balanced_accuracy': {'mean': 0.8227804660742478, 'std': 0.009117366554777354}, 'brier_score': {'mean': 0.12621267482207807, 'std': 0.0021358084217394497}, 'cohen_kappa': {'mean': 0.6426921999439553, 'std': 0.017504193953255687}, 'f1': {'mean': 0.8030422759752064, 'std': 0.010309523284395246}, 'mean_absolute_stage_error': {'mean': 0.17685213550198645, 'std': 0.008515754548126421}, 'precision': {'mean': 0.7871330723215163, 'std': 0.00809484340693153}, 'quadratic_weighted_kappa': {'mean': 0.6426921999439553, 'std': 0.017504193953255687}, 'recall': {'mean': 0.8197167850445062, 'std': 0.0156059807367696}, 'roc_auc': {'mean': 0.9029307957885606, 'std': 0.0031858190115457525}}",0.8197167850445062,COMPLETE
40,0.7729474585068827,3,240,6.6697402168212765,0.0300047379861814,0.7728687810107289,"{'accuracy': {'mean': 0.7966112038766904, 'std': 0.003294610432034399}, 'balanced_accuracy': {'mean': 0.7955555117758921, 'std': 0.004412918512391025}, 'brier_score': {'mean': 0.14545868375115045, 'std': 0.001686163985148293}, 'cohen_kappa': {'mean': 0.5888353851847145, 'std': 0.007512274333547316}, 'f1': {'mean': 0.7728687810107289, 'std': 0.005897461151431905}, 'mean_absolute_stage_error': {'mean': 0.20338879612330968, 'std': 0.003294610432034399}, 'precision': {'mean': 0.7596066296347502, 'std': 0.0027450374044570504}, 'quadratic_weighted_kappa': {'mean': 0.5888353851847145, 'std': 0.007512274333547316}, 'recall': {'mean': 0.7867749615385569, 'std': 0.014307477106234574}, 'roc_auc': {'mean': 0.8768798674493311, 'std': 0.004068505536931645}}",0.7867749615385569,COMPLETE
41,0.806117723175228,4,240,7.555535425533129,0.10399138655102114,0.8060354845086571,"{'accuracy': {'mean': 0.8258901300779566, 'std': 0.005435745245876355}, 'balanced_accuracy': {'mean': 0.8255140842814225, 'std': 0.005836011148645759}, 'brier_score': {'mean': 0.1233916660088972, 'std': 0.002378209444309754}, 'cohen_kappa': {'mean': 0.6482077798256622, 'std': 0.011181218160545915}, 'f1': {'mean': 0.8060354845086571, 'std': 0.006677673585264815}, 'mean_absolute_stage_error': {'mean': 0.17410986992204336, 'std': 0.005435745245876357}, 'precision': {'mean': 0.7904161194991633, 'std': 0.006403483876307615}, 'quadratic_weighted_kappa': {'mean': 0.6482077798256622, 'std': 0.011181218160545915}, 'recall': {'mean': 0.8223866657087434, 'std': 0.011589206282157486}, 'roc_auc': {'mean': 0.9061989659305733, 'std': 0.003335639540542884}}",0.8223866657087434,COMPLETE
42,0.8067633194195617,4,240,7.900209373967643,0.09919370511816991,0.8066807465781715,"{'accuracy': {'mean': 0.8258897944918819, 'std': 0.007555546649704573}, 'balanced_accuracy': {'mean': 0.8258735401375528, 'std': 0.007783101464050955}, 'brier_score': {'mean': 0.12354731386659772, 'std': 0.001967177528174171}, 'cohen_kappa': {'mean': 0.648462525704619, 'std': 0.015315511173894432}, 'f1': {'mean': 0.8066807465781715, 'std': 0.008609395531897778}, 'mean_absolute_stage_error': {'mean': 0.17411020550811807, 'std': 0.007555546649704578}, 'precision': {'mean': 0.7885558724982691, 'std': 0.008629011410316948}, 'quadratic_weighted_kappa': {'mean': 0.648462525704619, 'std': 0.015315511173894432}, 'recall': {'mean': 0.8257284139021085, 'std': 0.011475953836245391}, 'roc_auc': {'mean': 0.9057988096087619, 'std': 0.002766496624127598}}",0.8257284139021085,COMPLETE
43,0.8031242618537333,4,240,9.346434582049753,0.07409463712506191,0.8030424013851603,"{'accuracy': {'mean': 0.8233437508839098, 'std': 0.007642791036612937}, 'balanced_accuracy': {'mean': 0.8228361515764693, 'std': 0.007882484545131052}, 'brier_score': {'mean': 0.125932370378478, 'std': 0.001902779990188742}, 'cohen_kappa': {'mean': 0.6429987503709993, 'std': 0.015526957070744354}, 'f1': {'mean': 0.8030424013851603, 'std': 0.008753438204409096}, 'mean_absolute_stage_error': {'mean': 0.17665624911609024, 'std': 0.007642791036612951}, 'precision': {'mean': 0.7880830664750766, 'std': 0.0080458490523077}, 'quadratic_weighted_kappa': {'mean': 0.6429987503709993, 'std': 0.015526957070744354}, 'recall': {'mean': 0.8186046857309904, 'std': 0.0104712964018776}, 'roc_auc': {'mean': 0.9033058837431863, 'std': 0.0033348263222666777}}",0.8186046857309904,COMPLETE
44,0.8053058457992591,4,240,8.807938863090836,0.18158183183802265,0.8052238516260749,"{'accuracy': {'mean': 0.8254985011287678, 'std': 0.004289263191943866}, 'balanced_accuracy': {'mean': 0.8249035054602422, 'std': 0.0046696008372035915}, 'brier_score': {'mean': 0.12208157334165204, 'std': 0.0021211925255061824}, 'cohen_kappa': {'mean': 0.6472683257014122, 'std': 0.00885883486910935}, 'f1': {'mean': 0.8052238516260749, 'std': 0.005377944890662027}, 'mean_absolute_stage_error': {'mean': 0.17450149887123226, 'std': 0.004289263191943883}, 'precision': {'mean': 0.791101540406391, 'std': 0.005156566698820846}, 'quadratic_weighted_kappa': {'mean': 0.6472683257014122, 'std': 0.00885883486910935}, 'recall': {'mean': 0.8199417318426067, 'std': 0.00999067359538338}, 'roc_auc': {'mean': 0.9076442455258722, 'std': 0.003119680318507248}}",0.8199417318426067,COMPLETE
45,0.7527716367660543,4,200,6.828761993197297,0.013057564914279146,0.7526948288304862,"{'accuracy': {'mean': 0.7780054968999038, 'std': 0.00457265711847289}, 'balanced_accuracy': {'mean': 0.7769403685758471, 'std': 0.005509668226948474}, 'brier_score': {'mean': 0.1592311833813082, 'std': 0.0018087105320447076}, 'cohen_kappa': {'mean': 0.551457507607708, 'std': 0.009992354028946932}, 'f1': {'mean': 0.7526948288304862, 'std': 0.007021772792916459}, 'mean_absolute_stage_error': {'mean': 0.2219945031000962, 'std': 0.004572657118472893}, 'precision': {'mean': 0.7380105247416505, 'std': 0.0018004002971647188}, 'quadratic_weighted_kappa': {'mean': 0.551457507607708, 'std': 0.009992354028946932}, 'recall': {'mean': 0.7680793556810215, 'std': 0.013547116503567535}, 'roc_auc': {'mean': 0.8604744645730129, 'std': 0.005378326564660078}}",0.7680793556810215,COMPLETE
46,0.8064769125971568,4,240,8.316575600594929,0.14550098989640695,0.8063952744988987,"{'accuracy': {'mean': 0.827554684949396, 'std': 0.005411790636565914}, 'balanced_accuracy': {'mean': 0.8263580083755837, 'std': 0.00581157258095577}, 'brier_score': {'mean': 0.12111080114293504, 'std': 0.0019073282527200656}, 'cohen_kappa': {'mean': 0.6509836999536589, 'std': 0.01116241269880011}, 'f1': {'mean': 0.8063952744988987, 'std': 0.0066706155180873165}, 'mean_absolute_stage_error': {'mean': 0.17244531505060395, 'std': 0.005411790636565923}, 'precision': {'mean': 0.7967092025880699, 'std': 0.0055581937176728815}, 'quadratic_weighted_kappa': {'mean': 0.6509836999536589, 'std': 0.01116241269880011}, 'recall': {'mean': 0.8163809825814875, 'std': 0.010461491236397145}, 'roc_auc': {'mean': 0.9091091832059215, 'std': 0.002762178931677209}}",0.8163809825814875,COMPLETE
47,0.8035774528672105,4,200,6.176199119574934,0.11411910331095244,0.8034956365704591,"{'accuracy': {'mean': 0.8239321291546157, 'std': 0.002241633746745626}, 'balanced_accuracy': {'mean': 0.8233146696437371, 'std': 0.002125006323166064}, 'brier_score': {'mean': 0.12400846284358842, 'std': 0.0012237820476680354}, 'cohen_kappa': {'mean': 0.6441093315211963, 'std': 0.004388349166053121}, 'f1': {'mean': 0.8034956365704591, 'std': 0.0023392270668014022}, 'mean_absolute_stage_error': {'mean': 0.1760678708453845, 'std': 0.0022416337467456257}, 'precision': {'mean': 0.7893976621923746, 'std': 0.004906362923595005}, 'quadratic_weighted_kappa': {'mean': 0.6441093315211963, 'std': 0.004388349166053121}, 'recall': {'mean': 0.8181629675140158, 'std': 0.0055654308918382115}, 'roc_auc': {'mean': 0.9052717040896905, 'std': 0.002015967898699507}}",0.8181629675140158,COMPLETE
48,0.8089861593191862,4,240,7.283587819046219,0.2048209501814164,0.8089040762573332,"{'accuracy': {'mean': 0.8294152700293351, 'std': 0.005259589137612245}, 'balanced_accuracy': {'mean': 0.8284952608092052, 'std': 0.0059164689102745565}, 'brier_score': {'mean': 0.12047763056322569, 'std': 0.002195574482748156}, 'cohen_kappa': {'mean': 0.6549156710382018, 'std': 0.011013859185495783}, 'f1': {'mean': 0.8089040762573332, 'std': 0.00696195407299264}, 'mean_absolute_stage_error': {'mean': 0.17058472997066496, 'std': 0.005259589137612225}, 'precision': {'mean': 0.7974484301148206, 'std': 0.005549404910997031}, 'quadratic_weighted_kappa': {'mean': 0.6549156710382018, 'std': 0.011013859185495783}, 'recall': {'mean': 0.8208306185293732, 'std': 0.013467457864581275}, 'roc_auc': {'mean': 0.9097024660269405, 'std': 0.003007165103792059}}",0.8208306185293732,COMPLETE
49,0.8044471402102429,3,200,9.548691918429283,0.20510281158859356,0.8043651684326429,"{'accuracy': {'mean': 0.8246173000374417, 'std': 0.006980432424195083}, 'balanced_accuracy': {'mean': 0.8240917679806934, 'std': 0.007643648255440831}, 'brier_score': {'mean': 0.12385666133184652, 'std': 0.0028992350857149677}, 'cohen_kappa': {'mean': 0.6455344657000657, 'std': 0.014484375123637736}, 'f1': {'mean': 0.8043651684326429, 'std': 0.00874762215772362}, 'mean_absolute_stage_error': {'mean': 0.17538269996255818, 'std': 0.006980432424195111}, 'precision': {'mean': 0.7896242795116644, 'std': 0.004874170567082307}, 'quadratic_weighted_kappa': {'mean': 0.6455344657000657, 'std': 0.014484375123637736}, 'recall': {'mean': 0.819717775999564, 'std': 0.013355663800454266}, 'roc_auc': {'mean': 0.9050572231024594, 'std': 0.004137461871483578}}",0.819717775999564,COMPLETE
