number,value,params_C,params_gamma,user_attrs_f1,user_attrs_metrics,user_attrs_recall,state
0,0.6111846291024042,0.31489116479568624,0.6351221010640696,0.6110846291024042,"{'accuracy': {'mean': 0.43997256823543573, 'std': 0.00018690203387130894}, 'balanced_accuracy': {'mean': 0.5, 'std': 0.0}, 'brier_score': {'mean': 1.0, 'std': 0.0}, 'cohen_kappa': {'mean': 0.0, 'std': 0.0}, 'f1': {'mean': 0.6110846291024042, 'std': 0.00018027135983365132}, 'mean_absolute_stage_error': {'mean': 0.5600274317645643, 'std': 0.00018690203387131682}, 'precision': {'mean': 0.43997256823543573, 'std': 0.00018690203387130894}, 'quadratic_weighted_kappa': {'mean': 0.0, 'std': 0.0}, 'recall': {'mean': 1.0, 'std': 0.0}, 'roc_auc': {'mean': 0.0, 'std': 0.0}}",1.0,COMPLETE
1,0.8077948523358824,8.471801418819979,0.024810409748678097,0.8077128578406377,"{'accuracy': {'mean': 0.8282411502356533, 'std': 0.0019055012989724314}, 'balanced_accuracy': {'mean': 0.8273533564978532, 'std': 0.001841714887827556}, 'brier_score': {'mean': 1.0, 'std': 0.0}, 'cohen_kappa': {'mean': 0.6525880727439722, 'std': 0.0037287577019398236}, 'f1': {'mean': 0.8077128578406377, 'std': 0.00215820507509961}, 'mean_absolute_stage_error': {'mean': 0.17175884976434666, 'std': 0.0019055012989724275}, 'precision': {'mean': 0.7959191776979014, 'std': 0.005297598472589341}, 'quadratic_weighted_kappa': {'mean': 0.6525880727439722, 'std': 0.0037287577019398236}, 'recall': {'mean': 0.8199449524465441, 'std': 0.006871575236233504}, 'roc_auc': {'mean': 0.0, 'std': 0.0}}",0.8199449524465441,COMPLETE
2,0.7062541314484009,0.04207988669606638,0.0004207053950287938,0.7061687323784122,"{'accuracy': {'mean': 0.6873289889318919, 'std': 0.00616319708134196}, 'balanced_accuracy': {'mean': 0.7051901538271719, 'std': 0.005911317607019181}, 'brier_score': {'mean': 1.0, 'std': 0.0}, 'cohen_kappa': {'mean': 0.392765370015601, 'std': 0.011521773697100586}, 'f1': {'mean': 0.7061687323784122, 'std': 0.005388128621629145}, 'mean_absolute_stage_error': {'mean': 0.3126710110681082, 'std': 0.006163197081341972}, 'precision': {'mean': 0.6020322428215009, 'std': 0.005739431923386771}, 'quadratic_weighted_kappa': {'mean': 0.392765370015601, 'std': 0.011521773697100586}, 'recall': {'mean': 0.8539906998867834, 'std': 0.010765328722773835}, 'roc_auc': {'mean': 0.0, 'std': 0.0}}",0.8539906998867834,COMPLETE
3,0.6111846291024042,0.017073967431528128,0.29154431891537513,0.6110846291024042,"{'accuracy': {'mean': 0.43997256823543573, 'std': 0.00018690203387130894}, 'balanced_accuracy': {'mean': 0.5, 'std': 0.0}, 'brier_score': {'mean': 1.0, 'std': 0.0}, 'cohen_kappa': {'mean': 0.0, 'std': 0.0}, 'f1': {'mean': 0.6110846291024042, 'std': 0.00018027135983365132}, 'mean_absolute_stage_error': {'mean': 0.5600274317645643, 'std': 0.00018690203387131682}, 'precision': {'mean': 0.43997256823543573, 'std': 0.00018690203387130894}, 'quadratic_weighted_kappa': {'mean': 0.0, 'std': 0.0}, 'recall': {'mean': 1.0, 'std': 0.0}, 'roc_auc': {'mean': 0.0, 'std': 0.0}}",1.0,COMPLETE
4,0.8121051620404072,2.5378155082656657,0.06796578090758151,0.8120203857856723,"{'accuracy': {'mean': 0.8272614306609656, 'std': 0.00647793613012577}, 'balanced_accuracy': {'mean': 0.8294600015957834, 'std': 0.005703365228011436}, 'brier_score': {'mean': 1.0, 'std': 0.0}, 'cohen_kappa': {'mean': 0.6527731143582279, 'std': 0.012432115051191114}, 'f1': {'mean': 0.8120203857856723, 'std': 0.00565401047317852}, 'mean_absolute_stage_error': {'mean': 0.17273856933903448, 'std': 0.006477936130125764}, 'precision': {'mean': 0.7792696125482054, 'std': 0.011182941635256889}, 'quadratic_weighted_kappa': {'mean': 0.6527731143582279, 'std': 0.012432115051191114}, 'recall': {'mean': 0.8477625473490713, 'std': 0.003430864158826761}, 'roc_auc': {'mean': 0.0, 'std': 0.0}}",0.8477625473490713,COMPLETE
5,0.6111846291024042,0.012087541473056965,0.7579479953348001,0.6110846291024042,"{'accuracy': {'mean': 0.43997256823543573, 'std': 0.00018690203387130894}, 'balanced_accuracy': {'mean': 0.5, 'std': 0.0}, 'brier_score': {'mean': 1.0, 'std': 0.0}, 'cohen_kappa': {'mean': 0.0, 'std': 0.0}, 'f1': {'mean': 0.6110846291024042, 'std': 0.00018027135983365132}, 'mean_absolute_stage_error': {'mean': 0.5600274317645643, 'std': 0.00018690203387131682}, 'precision': {'mean': 0.43997256823543573, 'std': 0.00018690203387130894}, 'quadratic_weighted_kappa': {'mean': 0.0, 'std': 0.0}, 'recall': {'mean': 1.0, 'std': 0.0}, 'roc_auc': {'mean': 0.0, 'std': 0.0}}",1.0,COMPLETE
6,0.801258298967202,21.368329072358772,0.0007068974950624604,0.801173678515376,"{'accuracy': {'mean': 0.8152161917404597, 'std': 0.010277105341223341}, 'balanced_accuracy': {'mean': 0.8185374560413677, 'std': 0.010469472125756045}, 'brier_score': {'mean': 1.0, 'std': 0.0}, 'cohen_kappa': {'mean': 0.6294899076373236, 'std': 0.020624487139416354}, 'f1': {'mean': 0.801173678515376, 'std': 0.011111255359906463}, 'mean_absolute_stage_error': {'mean': 0.18478380825954036, 'std': 0.010277105341223326}, 'precision': {'mean': 0.7607147826964602, 'std': 0.01053639427344365}, 'quadratic_weighted_kappa': {'mean': 0.6294899076373236, 'std': 0.020624487139416354}, 'recall': {'mean': 0.8462045182595856, 'std': 0.012703452538203697}, 'roc_auc': {'mean': 0.0, 'std': 0.0}}",0.8462045182595856,COMPLETE
7,0.7155556591698238,0.053370327626039576,0.0005415244119402539,0.7154737989242156,"{'accuracy': {'mean': 0.7135728267325949, 'std': 0.00296370315951848}, 'balanced_accuracy': {'mean': 0.7248283190602722, 'std': 0.002711393598377655}, 'brier_score': {'mean': 1.0, 'std': 0.0}, 'cohen_kappa': {'mean': 0.43618633820982805, 'std': 0.005361011821777712}, 'f1': {'mean': 0.7154737989242156, 'std': 0.0032287690910197658}, 'mean_absolute_stage_error': {'mean': 0.2864271732674051, 'std': 0.0029637031595184816}, 'precision': {'mean': 0.6355261278468938, 'std': 0.004366357052878883}, 'quadratic_weighted_kappa': {'mean': 0.43618633820982805, 'std': 0.005361011821777712}, 'recall': {'mean': 0.8186024560821105, 'std': 0.011481721356008221}, 'roc_auc': {'mean': 0.0, 'std': 0.0}}",0.8186024560821105,COMPLETE
8,0.7935551578489807,0.1648044642797898,0.012561043700013555,0.7934687125534159,"{'accuracy': {'mean': 0.8019959221497837, 'std': 0.008404335724393754}, 'balanced_accuracy': {'mean': 0.8086899312556218, 'std': 0.008322644880029303}, 'brier_score': {'mean': 1.0, 'std': 0.0}, 'cohen_kappa': {'mean': 0.6057687381066387, 'std': 0.016572435278991}, 'f1': {'mean': 0.7934687125534159, 'std': 0.008478096674677115}, 'mean_absolute_stage_error': {'mean': 0.19800407785021645, 'std': 0.008404335724393718}, 'precision': {'mean': 0.7333167567458048, 'std': 0.009579040216101533}, 'quadratic_weighted_kappa': {'mean': 0.6057687381066387, 'std': 0.016572435278991}, 'recall': {'mean': 0.864452955647329, 'std': 0.010436538172021398}, 'roc_auc': {'mean': 0.0, 'std': 0.0}}",0.864452955647329,COMPLETE
9,0.7722346977462435,0.5342937261279778,0.0014618962793704966,0.7721528151298249,"{'accuracy': {'mean': 0.7874052628525872, 'std': 0.00869676018620458}, 'balanced_accuracy': {'mean': 0.7907730934728908, 'std': 0.008940483303996816}, 'brier_score': {'mean': 1.0, 'std': 0.0}, 'cohen_kappa': {'mean': 0.5741053728917462, 'std': 0.017527179370747593}, 'f1': {'mean': 0.7721528151298249, 'std': 0.009626763149284016}, 'mean_absolute_stage_error': {'mean': 0.2125947371474129, 'std': 0.008696760186204588}, 'precision': {'mean': 0.7305436038379305, 'std': 0.008758850842959829}, 'quadratic_weighted_kappa': {'mean': 0.5741053728917462, 'std': 0.017527179370747593}, 'recall': {'mean': 0.8188261641863888, 'std': 0.011998868612346785}, 'roc_auc': {'mean': 0.0, 'std': 0.0}}",0.8188261641863888,COMPLETE
10,0.7529052593694596,2.7934105357000196,0.0001056790089450167,0.75282595866167,"{'accuracy': {'mean': 0.7709544499432619, 'std': 0.007258171793953196}, 'balanced_accuracy': {'mean': 0.7733184016883093, 'std': 0.007896518854932307}, 'brier_score': {'mean': 1.0, 'std': 0.0}, 'cohen_kappa': {'mean': 0.54044514146553, 'std': 0.015019500985712718}, 'f1': {'mean': 0.75282595866167, 'std': 0.009056452743870676}, 'mean_absolute_stage_error': {'mean': 0.22904555005673802, 'std': 0.007258171793953194}, 'precision': {'mean': 0.7166003633511518, 'std': 0.0063088920494770665}, 'quadratic_weighted_kappa': {'mean': 0.54044514146553, 'std': 0.015019500985712718}, 'recall': {'mean': 0.7930070778964997, 'std': 0.0147017649183433}, 'roc_auc': {'mean': 0.0, 'std': 0.0}}",0.7930070778964997,COMPLETE
11,0.8037704479521414,13.330009089672169,0.0362403824754905,0.8036887650379407,"{'accuracy': {'mean': 0.8244219410010917, 'std': 0.0028999690363523574}, 'balanced_accuracy': {'mean': 0.8236099071630717, 'std': 0.002244239171523981}, 'brier_score': {'mean': 1.0, 'std': 0.0}, 'cohen_kappa': {'mean': 0.6449627624392826, 'std': 0.005353458735431546}, 'f1': {'mean': 0.8036887650379407, 'std': 0.0020775474949490157}, 'mean_absolute_stage_error': {'mean': 0.17557805899890838, 'std': 0.002899969036352363}, 'precision': {'mean': 0.791061131692777, 'std': 0.00751425044904216}, 'quadratic_weighted_kappa': {'mean': 0.6449627624392826, 'std': 0.005353458735431546}, 'recall': {'mean': 0.816829142006337, 'std': 0.005560416538938847}, 'roc_auc': {'mean': 0.0, 'std': 0.0}}",0.816829142006337,COMPLETE
12,0.8044845286882203,79.83860028477824,0.048502509664998084,0.8044022894518502,"{'accuracy': {'mean': 0.8240301682292992, 'std': 0.0033641054716646445}, 'balanced_accuracy': {'mean': 0.8238558646870107, 'std': 0.003109158138810172}, 'brier_score': {'mean': 1.0, 'std': 0.0}, 'cohen_kappa': {'mean': 0.6446229134534971, 'std': 0.006547109785866575}, 'f1': {'mean': 0.8044022894518502, 'std': 0.0032451904977988458}, 'mean_absolute_stage_error': {'mean': 0.17596983177070075, 'std': 0.0033641054716646527}, 'precision': {'mean': 0.7872401128414172, 'std': 0.006257182333914719}, 'quadratic_weighted_kappa': {'mean': 0.6446229134534971, 'std': 0.006547109785866575}, 'recall': {'mean': 0.8223923637003253, 'std': 0.005413054813457164}, 'roc_auc': {'mean': 0.0, 'std': 0.0}}",0.8223923637003253,COMPLETE
13,0.8228467149093005,2.9714502927617796,0.007821711764360039,0.8227592454616837,"{'accuracy': {'mean': 0.8342137673707741, 'std': 0.005527467241069262}, 'balanced_accuracy': {'mean': 0.8385528129120068, 'std': 0.005799210373514198}, 'brier_score': {'mean': 1.0, 'std': 0.0}, 'cohen_kappa': {'mean': 0.6680650618140198, 'std': 0.011143882502874642}, 'f1': {'mean': 0.8227592454616837, 'std': 0.006226657858332606}, 'mean_absolute_stage_error': {'mean': 0.16578623262922582, 'std': 0.005527467241069277}, 'precision': {'mean': 0.7767415822074194, 'std': 0.006764912918563358}, 'quadratic_weighted_kappa': {'mean': 0.6680650618140198, 'std': 0.011143882502874642}, 'recall': {'mean': 0.8746944761687695, 'std': 0.011570486043861173}, 'roc_auc': {'mean': 0.0, 'std': 0.0}}",0.8746944761687695,COMPLETE
14,0.8046369671911853,1.5496476581234115,0.0038047037269572626,0.8045510781682422,"{'accuracy': {'mean': 0.8163904074158769, 'std': 0.011108917307917498}, 'balanced_accuracy': {'mean': 0.8209457509995357, 'std': 0.011166162191477908}, 'brier_score': {'mean': 1.0, 'std': 0.0}, 'cohen_kappa': {'mean': 0.6327338680241417, 'std': 0.02213319262839312}, 'f1': {'mean': 0.8045510781682422, 'std': 0.011636865682219916}, 'mean_absolute_stage_error': {'mean': 0.18360959258412302, 'std': 0.01110891730791754}, 'precision': {'mean': 0.756713274444096, 'std': 0.011922778818674385}, 'quadratic_weighted_kappa': {'mean': 0.6327338680241417, 'std': 0.02213319262839312}, 'recall': {'mean': 0.8588902294308698, 'std': 0.012709064495129863}, 'roc_auc': {'mean': 0.0, 'std': 0.0}}",0.8588902294308698,COMPLETE
15,0.7928766683661057,2.130383803717273,0.1267282638458975,0.7927910464055506,"{'accuracy': {'mean': 0.8030755984338678, 'std': 0.006548151702385365}, 'balanced_accuracy': {'mean': 0.8087715841259273, 'std': 0.0064779188602122765}, 'brier_score': {'mean': 1.0, 'std': 0.0}, 'cohen_kappa': {'mean': 0.6071342794164222, 'std': 0.01292948661055861}, 'f1': {'mean': 0.7927910464055506, 'std': 0.006678866148484243}, 'mean_absolute_stage_error': {'mean': 0.19692440156613228, 'std': 0.006548151702385353}, 'precision': {'mean': 0.7381590274301029, 'std': 0.0077318050771913414}, 'quadratic_weighted_kappa': {'mean': 0.6071342794164222, 'std': 0.01292948661055861}, 'recall': {'mean': 0.8562196055503393, 'std': 0.008619086342238087}, 'roc_auc': {'mean': 0.0, 'std': 0.0}}",0.8562196055503393,COMPLETE
16,0.8234083485118627,4.445970482930447,0.007266705663137644,0.8233212573613391,"{'accuracy': {'mean': 0.8355846844268406, 'std': 0.006281489935974831}, 'balanced_accuracy': {'mean': 0.8393718824199361, 'std': 0.0067912437437336265}, 'brier_score': {'mean': 1.0, 'std': 0.0}, 'cohen_kappa': {'mean': 0.6704315395491831, 'std': 0.012819765732760868}, 'f1': {'mean': 0.8233212573613391, 'std': 0.0073985047807280015}, 'mean_absolute_stage_error': {'mean': 0.16441531557315942, 'std': 0.00628148993597484}, 'precision': {'mean': 0.7807689723638769, 'std': 0.006563685585534885}, 'quadratic_weighted_kappa': {'mean': 0.6704315395491831, 'std': 0.012819765732760868}, 'recall': {'mean': 0.8709115052359587, 'std': 0.013616569304061478}, 'roc_auc': {'mean': 0.0, 'std': 0.0}}",0.8709115052359587,COMPLETE
17,0.799181646093335,47.3377190564918,0.009127016454140931,0.7991009427629827,"{'accuracy': {'mean': 0.821484124621327, 'std': 0.0034905526319755583}, 'balanced_accuracy': {'mean': 0.8199359170976391, 'std': 0.003799143337773305}, 'brier_score': {'mean': 1.0, 'std': 0.0}, 'cohen_kappa': {'mean': 0.6385115156365767, 'std': 0.007230199127962268}, 'f1': {'mean': 0.7991009427629827, 'std': 0.0045075761078534685}, 'mean_absolute_stage_error': {'mean': 0.17851587537867292, 'std': 0.0034905526319755605}, 'precision': {'mean': 0.7913997347478258, 'std': 0.004991846644616519}, 'quadratic_weighted_kappa': {'mean': 0.6385115156365767, 'std': 0.007230199127962268}, 'recall': {'mean': 0.807033303522102, 'std': 0.008912775496167723}, 'roc_auc': {'mean': 0.0, 'std': 0.0}}",0.807033303522102,COMPLETE
18,0.8198364921231214,6.106319447925948,0.005042787664795643,0.8197495790719955,"{'accuracy': {'mean': 0.831863610148698, 'std': 0.00632808647427693}, 'balanced_accuracy': {'mean': 0.8358584724736421, 'std': 0.006693380675403873}, 'brier_score': {'mean': 1.0, 'std': 0.0}, 'cohen_kappa': {'mean': 0.6631509152597638, 'std': 0.012823218428629513}, 'f1': {'mean': 0.8197495790719955, 'std': 0.007247475686477315}, 'mean_absolute_stage_error': {'mean': 0.1681363898513018, 'std': 0.006328086474276937}, 'precision': {'mean': 0.7757729490159766, 'std': 0.00700212286614153}, 'quadratic_weighted_kappa': {'mean': 0.6631509152597638, 'std': 0.012823218428629513}, 'recall': {'mean': 0.8691305112584882, 'std': 0.01261356997142368}, 'roc_auc': {'mean': 0.0, 'std': 0.0}}",0.8691305112584882,COMPLETE
19,0.7863159188471693,0.7795809039185008,0.00219334293274131,0.7862323668926343,"{'accuracy': {'mean': 0.8001351453063734, 'std': 0.00872239187779657}, 'balanced_accuracy': {'mean': 0.8039279352210251, 'std': 0.00911013706722579}, 'brier_score': {'mean': 1.0, 'std': 0.0}, 'cohen_kappa': {'mean': 0.5997908352441568, 'std': 0.01766328433649786}, 'f1': {'mean': 0.7862323668926343, 'std': 0.009836350456669314}, 'mean_absolute_stage_error': {'mean': 0.1998648546936267, 'std': 0.008722391877796578}, 'precision': {'mean': 0.7424709911594543, 'std': 0.008152181254470658}, 'quadratic_weighted_kappa': {'mean': 0.5997908352441568, 'std': 0.01766328433649786}, 'recall': {'mean': 0.8355195453498195, 'std': 0.013221022804303076}, 'roc_auc': {'mean': 0.0, 'std': 0.0}}",0.8355195453498195,COMPLETE
20,0.7974250348811598,29.997637412480763,0.01291562931691142,0.7973447988108912,"{'accuracy': {'mean': 0.8206035947021506, 'std': 0.0036657142505007716}, 'balanced_accuracy': {'mean': 0.8186484912522005, 'std': 0.004481235577945407}, 'brier_score': {'mean': 1.0, 'std': 0.0}, 'cohen_kappa': {'mean': 0.6364341647476385, 'std': 0.007972983349731478}, 'f1': {'mean': 0.7973447988108912, 'std': 0.00568535649092261}, 'mean_absolute_stage_error': {'mean': 0.17939640529784942, 'std': 0.0036657142505007803}, 'precision': {'mean': 0.7925314870158284, 'std': 0.004054482614238741}, 'quadratic_weighted_kappa': {'mean': 0.6364341647476385, 'std': 0.007972983349731478}, 'recall': {'mean': 0.8023607026862314, 'std': 0.01275234695751491}, 'roc_auc': {'mean': 0.0, 'std': 0.0}}",0.8023607026862314,COMPLETE
21,0.821093482977729,6.456795306384466,0.00510236663297089,0.8210065922230919,"{'accuracy': {'mean': 0.8333321827525056, 'std': 0.007562990550486526}, 'balanced_accuracy': {'mean': 0.8371458973340686, 'std': 0.0078830487426346}, 'brier_score': {'mean': 1.0, 'std': 0.0}, 'cohen_kappa': {'mean': 0.665959914165136, 'std': 0.015267279628062345}, 'f1': {'mean': 0.8210065922230919, 'std': 0.008475148908314967}, 'mean_absolute_stage_error': {'mean': 0.16666781724749427, 'std': 0.007562990550486513}, 'precision': {'mean': 0.7781958209106743, 'std': 0.00811265894448188}, 'quadratic_weighted_kappa': {'mean': 0.665959914165136, 'std': 0.015267279628062345}, 'recall': {'mean': 0.8689075463705033, 'std': 0.01303724962753978}, 'roc_auc': {'mean': 0.0, 'std': 0.0}}",0.8689075463705033,COMPLETE
22,0.8196812285476629,6.377498741418537,0.004935800233277148,0.8195943600399669,"{'accuracy': {'mean': 0.8317655710740144, 'std': 0.006706109269437586}, 'balanced_accuracy': {'mean': 0.8357230149589252, 'std': 0.0069656715761547625}, 'brier_score': {'mean': 1.0, 'std': 0.0}, 'cohen_kappa': {'mean': 0.6629331584411824, 'std': 0.013508638847290047}, 'f1': {'mean': 0.8195943600399669, 'std': 0.0074776944153862315}, 'mean_absolute_stage_error': {'mean': 0.16823442892598556, 'std': 0.00670610926943757}, 'precision': {'mean': 0.7758447418211148, 'std': 0.007666125401271171}, 'quadratic_weighted_kappa': {'mean': 0.6629331584411824, 'std': 0.013508638847290047}, 'recall': {'mean': 0.8686850769600472, 'std': 0.01214390490907253}, 'roc_auc': {'mean': 0.0, 'std': 0.0}}",0.8686850769600472,COMPLETE
23,0.8013947413120693,4.764360860862346,0.001538549980138539,0.8013099205882263,"{'accuracy': {'mean': 0.8149220265755407, 'std': 0.008949060501472228}, 'balanced_accuracy': {'mean': 0.8184898650782333, 'std': 0.008979319792608376}, 'brier_score': {'mean': 1.0, 'std': 0.0}, 'cohen_kappa': {'mean': 0.6290890437870571, 'std': 0.01785310603639703}, 'f1': {'mean': 0.8013099205882263, 'std': 0.009417043188866676}, 'mean_absolute_stage_error': {'mean': 0.18507797342445936, 'std': 0.0089490605014722}, 'precision': {'mean': 0.7593353570894565, 'std': 0.009612475319954893}, 'quadratic_weighted_kappa': {'mean': 0.6290890437870571, 'std': 0.01785310603639703}, 'recall': {'mean': 0.8482072384312191, 'std': 0.00952616498098061}, 'roc_auc': {'mean': 0.0, 'std': 0.0}}",0.8482072384312191,COMPLETE
24,0.8246159161570403,1.0938486274514096,0.021031510542391076,0.824527645373616,"{'accuracy': {'mean': 0.8347031477494399, 'std': 0.006071824585414992}, 'balanced_accuracy': {'mean': 0.8398497017393055, 'std': 0.0061608501415543245}, 'brier_score': {'mean': 1.0, 'std': 0.0}, 'cohen_kappa': {'mean': 0.6695707294790851, 'std': 0.012118298697897604}, 'f1': {'mean': 0.824527645373616, 'std': 0.0064552369443936185}, 'mean_absolute_stage_error': {'mean': 0.16529685225056007, 'std': 0.006071824585414987}, 'precision': {'mean': 0.773593581602943, 'std': 0.0071018216611513476}, 'quadratic_weighted_kappa': {'mean': 0.6695707294790851, 'std': 0.012118298697897604}, 'recall': {'mean': 0.8827078342429475, 'std': 0.009308454537069948}, 'roc_auc': {'mean': 0.0, 'std': 0.0}}",0.8827078342429475,COMPLETE
25,0.8176817999171956,0.7007355866172562,0.01900459359981038,0.8175934624920437,"{'accuracy': {'mean': 0.8265751571381795, 'std': 0.0073964309646028835}, 'balanced_accuracy': {'mean': 0.8326639748073441, 'std': 0.007427533760306005}, 'brier_score': {'mean': 1.0, 'std': 0.0}, 'cohen_kappa': {'mean': 0.6540481302030126, 'std': 0.014697236513666749}, 'f1': {'mean': 0.8175934624920437, 'std': 0.0076734494653130396}, 'mean_absolute_stage_error': {'mean': 0.1734248428618205, 'std': 0.007396430964602874}, 'precision': {'mean': 0.7609604886150244, 'std': 0.0080807792921464}, 'quadratic_weighted_kappa': {'mean': 0.6540481302030126, 'std': 0.014697236513666749}, 'recall': {'mean': 0.883374251519258, 'std': 0.009103965058666763}, 'roc_auc': {'mean': 0.0, 'std': 0.0}}",0.883374251519258,COMPLETE
26,0.6332207606786708,0.19044803372079872,0.15968184202830346,0.6331209387285208,"{'accuracy': {'mean': 0.4909904247704711, 'std': 0.0038112519469192065}, 'balanced_accuracy': {'mean': 0.5453587336131852, 'std': 0.003470946768995207}, 'brier_score': {'mean': 1.0, 'std': 0.0}, 'cohen_kappa': {'mean': 0.08074082039278152, 'std': 0.006230600919777369}, 'f1': {'mean': 0.6331209387285208, 'std': 0.001903260485479973}, 'mean_absolute_stage_error': {'mean': 0.5090095752295289, 'std': 0.0038112519469192365}, 'precision': {'mean': 0.46357200375805585, 'std': 0.0018926428831944951}, 'quadratic_weighted_kappa': {'mean': 0.08074082039278152, 'std': 0.006230600919777369}, 'recall': {'mean': 0.9982195015000581, 'std': 0.000889940126078348}, 'roc_auc': {'mean': 0.0, 'std': 0.0}}",0.9982195015000581,COMPLETE
27,0.8082101253546156,1.393421196004061,0.08059715605007366,0.8081236577130143,"{'accuracy': {'mean': 0.8193297579034116, 'std': 0.005261772653870754}, 'balanced_accuracy': {'mean': 0.8241910183631687, 'std': 0.004940617888765323}, 'brier_score': {'mean': 1.0, 'std': 0.0}, 'cohen_kappa': {'mean': 0.6388037575198586, 'std': 0.010240784688558548}, 'f1': {'mean': 0.8081236577130143, 'std': 0.005035047772053656}, 'mean_absolute_stage_error': {'mean': 0.18067024209658838, 'std': 0.005261772653870769}, 'precision': {'mean': 0.7585624277529099, 'std': 0.007542076386966387}, 'quadratic_weighted_kappa': {'mean': 0.6388037575198586, 'std': 0.010240784688558548}, 'recall': {'mean': 0.8646764160128427, 'std': 0.005702634468953429}, 'roc_auc': {'mean': 0.0, 'std': 0.0}}",0.8646764160128427,COMPLETE
28,0.8003882350743272,15.347074425201807,0.02341658002623263,0.8003074647058653,"{'accuracy': {'mean': 0.8226592991141007, 'std': 0.0023286493757476876}, 'balanced_accuracy': {'mean': 0.8210578209326231, 'std': 0.0016727994326914577}, 'brier_score': {'mean': 1.0, 'std': 0.0}, 'cohen_kappa': {'mean': 0.6408504596863842, 'std': 0.004149781564949496}, 'f1': {'mean': 0.8003074647058653, 'std': 0.001749129012035623}, 'mean_absolute_stage_error': {'mean': 0.1773407008858993, 'std': 0.0023286493757477228}, 'precision': {'mean': 0.7932208858510721, 'std': 0.008424044967825124}, 'quadratic_weighted_kappa': {'mean': 0.6408504596863842, 'std': 0.004149781564949496}, 'recall': {'mean': 0.8077036846186434, 'std': 0.008882246345527712}, 'roc_auc': {'mean': 0.0, 'std': 0.0}}",0.8077036846186434,COMPLETE
29,0.6134790969200659,0.32404993096132456,0.3299557544633791,0.6133790969200659,"{'accuracy': {'mean': 0.44535814944414964, 'std': 0.001164121534188959}, 'balanced_accuracy': {'mean': 0.5048083041193276, 'std': 0.0010335045028711277}, 'brier_score': {'mean': 1.0, 'std': 0.0}, 'cohen_kappa': {'mean': 0.008472287716384419, 'std': 0.0018236298047089735}, 'f1': {'mean': 0.6133790969200659, 'std': 0.0005194957568936214}, 'mean_absolute_stage_error': {'mean': 0.5546418505558505, 'std': 0.0011641215341889836}, 'precision': {'mean': 0.4423554962764178, 'std': 0.0005405417013410698}, 'quadratic_weighted_kappa': {'mean': 0.008472287716384419, 'std': 0.0018236298047089735}, 'recall': {'mean': 1.0, 'std': 0.0}, 'roc_auc': {'mean': 0.0, 'std': 0.0}}",1.0,COMPLETE
30,0.8117865691783932,1.0125653661204739,0.0074725069436579784,0.8116994115347852,"{'accuracy': {'mean': 0.8220705852573202, 'std': 0.008176138015020878}, 'balanced_accuracy': {'mean': 0.8273762669113548, 'std': 0.008088053328566254}, 'brier_score': {'mean': 1.0, 'std': 0.0}, 'cohen_kappa': {'mean': 0.6445654991004263, 'std': 0.01616621167673251}, 'f1': {'mean': 0.8116994115347852, 'std': 0.00831575799851588}, 'mean_absolute_stage_error': {'mean': 0.17792941474267981, 'std': 0.008176138015020889}, 'precision': {'mean': 0.7595719860095856, 'std': 0.009568209023737076}, 'quadratic_weighted_kappa': {'mean': 0.6445654991004263, 'std': 0.01616621167673251}, 'recall': {'mean': 0.8715764360796827, 'std': 0.009609792790573798}, 'roc_auc': {'mean': 0.0, 'std': 0.0}}",0.8715764360796827,COMPLETE
31,0.8041929019275647,3.6587210452620322,0.0022130040876788526,0.804107524906326,"{'accuracy': {'mean': 0.8169780665735654, 'std': 0.010376576249601215}, 'balanced_accuracy': {'mean': 0.8209210898945594, 'std': 0.01050428800444339}, 'brier_score': {'mean': 1.0, 'std': 0.0}, 'cohen_kappa': {'mean': 0.6334569581651478, 'std': 0.020746265890322652}, 'f1': {'mean': 0.804107524906326, 'std': 0.011033413448611933}, 'mean_absolute_stage_error': {'mean': 0.1830219334264345, 'std': 0.010376576249601196}, 'precision': {'mean': 0.7599234655406524, 'std': 0.010751249447871992}, 'quadratic_weighted_kappa': {'mean': 0.6334569581651478, 'std': 0.020746265890322652}, 'recall': {'mean': 0.8537702123864428, 'std': 0.01216660174440138}, 'roc_auc': {'mean': 0.0, 'std': 0.0}}",0.8537702123864428,COMPLETE
32,0.8190053838643608,9.217491901779075,0.0034657434197650403,0.8189185599000947,"{'accuracy': {'mean': 0.8310800166642457, 'std': 0.006725591770027005}, 'balanced_accuracy': {'mean': 0.8350631583961874, 'std': 0.006965627730944556}, 'brier_score': {'mean': 1.0, 'std': 0.0}, 'cohen_kappa': {'mean': 0.6615839568901897, 'std': 0.013541594127782915}, 'f1': {'mean': 0.8189185599000947, 'std': 0.007468455699508436}, 'mean_absolute_stage_error': {'mean': 0.16891998333575434, 'std': 0.006725591770027005}, 'precision': {'mean': 0.7749777411898364, 'std': 0.007585379961422331}, 'quadratic_weighted_kappa': {'mean': 0.6615839568901897, 'std': 0.013541594127782915}, 'recall': {'mean': 0.8682396426616062, 'std': 0.011705065376370671}, 'roc_auc': {'mean': 0.0, 'std': 0.0}}",0.8682396426616062,COMPLETE
33,0.8229760506341773,3.8280037092866768,0.007916919391954396,0.8228889150393194,"{'accuracy': {'mean': 0.8349972170326232, 'std': 0.005433046213244606}, 'balanced_accuracy': {'mean': 0.8388944974865092, 'std': 0.005782835528781606}, 'brier_score': {'mean': 1.0, 'std': 0.0}, 'cohen_kappa': {'mean': 0.6693362053453885, 'std': 0.011018276098659742}, 'f1': {'mean': 0.8228889150393194, 'std': 0.006259225472321314}, 'mean_absolute_stage_error': {'mean': 0.16500278296737672, 'std': 0.005433046213244623}, 'precision': {'mean': 0.7796203374898674, 'std': 0.0063162274083763395}, 'quadratic_weighted_kappa': {'mean': 0.6693362053453885, 'std': 0.011018276098659742}, 'recall': {'mean': 0.871355948579342, 'std': 0.011676788571712409}, 'roc_auc': {'mean': 0.0, 'std': 0.0}}",0.871355948579342,COMPLETE
34,0.8079164526861613,0.3573408764525792,0.01664024755555898,0.8078284268668273,"{'accuracy': {'mean': 0.8157055721191254, 'std': 0.00779717837189647}, 'balanced_accuracy': {'mean': 0.8226252422568401, 'std': 0.007442332065060199}, 'brier_score': {'mean': 1.0, 'std': 0.0}, 'cohen_kappa': {'mean': 0.6330908561020948, 'std': 0.015195123850629008}, 'f1': {'mean': 0.8078284268668273, 'std': 0.007402153971992361}, 'mean_absolute_stage_error': {'mean': 0.1842944278808746, 'std': 0.007797178371896465}, 'precision': {'mean': 0.7464579937412833, 'std': 0.009788703511642497}, 'quadratic_weighted_kappa': {'mean': 0.6330908561020948, 'std': 0.015195123850629008}, 'recall': {'mean': 0.8802581933402864, 'std': 0.006547254502395886}, 'roc_auc': {'mean': 0.0, 'std': 0.0}}",0.8802581933402864,COMPLETE
35,0.8275806516152763,1.5559711774999547,0.02756352509785721,0.8274933602175094,"{'accuracy': {'mean': 0.839893561685275, 'std': 0.005221425555399426}, 'balanced_accuracy': {'mean': 0.8434337063426274, 'std': 0.005578074612774008}, 'brier_score': {'mean': 1.0, 'std': 0.0}, 'cohen_kappa': {'mean': 0.6788761963199542, 'std': 0.010627493613076957}, 'f1': {'mean': 0.8274933602175094, 'std': 0.006073533867515152}, 'mean_absolute_stage_error': {'mean': 0.1601064383147251, 'std': 0.005221425555399413}, 'precision': {'mean': 0.7866347514619051, 'std': 0.005752263896145261}, 'quadratic_weighted_kappa': {'mean': 0.6788761963199542, 'std': 0.010627493613076957}, 'recall': {'mean': 0.8729139776688278, 'std': 0.010793255035982817}, 'roc_auc': {'mean': 0.0, 'std': 0.0}}",0.8729139776688278,COMPLETE
36,0.8246422113326791,1.093671779317889,0.03710634896459092,0.824554141019463,"{'accuracy': {'mean': 0.8350948725803645, 'std': 0.006339335888706889}, 'balanced_accuracy': {'mean': 0.8399843261464304, 'std': 0.006193463530568138}, 'brier_score': {'mean': 1.0, 'std': 0.0}, 'cohen_kappa': {'mean': 0.6701888333313075, 'std': 0.012521706082050879}, 'f1': {'mean': 0.824554141019463, 'std': 0.006445121384798981}, 'mean_absolute_stage_error': {'mean': 0.16490512741963553, 'std': 0.006339335888706907}, 'precision': {'mean': 0.7751974708589491, 'std': 0.008451928220817594}, 'quadratic_weighted_kappa': {'mean': 0.6701888333313075, 'std': 0.012521706082050879}, 'recall': {'mean': 0.8807031321611987, 'std': 0.008252558863983742}, 'roc_auc': {'mean': 0.0, 'std': 0.0}}",0.8807031321611987,COMPLETE
37,0.7754634889186165,0.13986066953308154,0.03613049113095647,0.7753732375628661,"{'accuracy': {'mean': 0.7698789924555456, 'std': 0.007886991291617265}, 'balanced_accuracy': {'mean': 0.7840951564722092, 'std': 0.007127517637380148}, 'brier_score': {'mean': 1.0, 'std': 0.0}, 'cohen_kappa': {'mean': 0.5489145419596925, 'std': 0.014679312989167758}, 'f1': {'mean': 0.7753732375628661, 'std': 0.006181530825883947}, 'mean_absolute_stage_error': {'mean': 0.23012100754445436, 'std': 0.007886991291617282}, 'precision': {'mean': 0.6796901212124047, 'std': 0.009003601741408435}, 'quadratic_weighted_kappa': {'mean': 0.5489145419596925, 'std': 0.014679312989167758}, 'recall': {'mean': 0.9025135575038833, 'std': 0.004834189806209616}, 'roc_auc': {'mean': 0.0, 'std': 0.0}}",0.9025135575038833,COMPLETE
38,0.8122546943382947,1.382953077388398,0.07253083335467904,0.8121680930911778,"{'accuracy': {'mean': 0.8237361468869837, 'std': 0.005410503330310382}, 'balanced_accuracy': {'mean': 0.8282682898034478, 'std': 0.004918288432585444}, 'brier_score': {'mean': 1.0, 'std': 0.0}, 'cohen_kappa': {'mean': 0.6473434153227815, 'std': 0.010435989764131622}, 'f1': {'mean': 0.8121680930911778, 'std': 0.004909243848958854}, 'mean_absolute_stage_error': {'mean': 0.1762638531130163, 'std': 0.005410503330310381}, 'precision': {'mean': 0.7646780289709032, 'std': 0.008254760935700716}, 'quadratic_weighted_kappa': {'mean': 0.6473434153227815, 'std': 0.010435989764131622}, 'recall': {'mean': 0.8660124711694012, 'std': 0.0039997194958197755}, 'roc_auc': {'mean': 0.0, 'std': 0.0}}",0.8660124711694012,COMPLETE
39,0.8151506651387221,0.537805396601323,0.028478568995005518,0.8150617490453642,"{'accuracy': {'mean': 0.8224629333195264, 'std': 0.003937140068089651}, 'balanced_accuracy': {'mean': 0.8296127245578582, 'std': 0.0037290517243124726}, 'brier_score': {'mean': 1.0, 'std': 0.0}, 'cohen_kappa': {'mean': 0.6466254287702013, 'std': 0.00764985986542859}, 'f1': {'mean': 0.8150617490453642, 'std': 0.003741390591870005}, 'mean_absolute_stage_error': {'mean': 0.17753706668047364, 'std': 0.0039371400680896585}, 'precision': {'mean': 0.7523893534136445, 'std': 0.005370008786042572}, 'quadratic_weighted_kappa': {'mean': 0.6466254287702013, 'std': 0.00764985986542859}, 'recall': {'mean': 0.8891609335787599, 'std': 0.004699864734343408}, 'roc_auc': {'mean': 0.0, 'std': 0.0}}",0.8891609335787599,COMPLETE
40,0.06503742225236449,1.9680968475141218,0.3658639553004669,0.06503403918134522,"{'accuracy': {'mean': 0.5721700385876045, 'std': 0.0017762815515223818}, 'balanced_accuracy': {'mean': 0.5144677261723511, 'std': 0.0018342471331362791}, 'brier_score': {'mean': 1.0, 'std': 0.0}, 'cohen_kappa': {'mean': 0.03225374495858006, 'std': 0.004085209627444097}, 'f1': {'mean': 0.06503403918134522, 'std': 0.005909150445094649}, 'mean_absolute_stage_error': {'mean': 0.4278299614123955, 'std': 0.0017762815515223818}, 'precision': {'mean': 0.850768337353703, 'std': 0.0725585575505447}, 'quadratic_weighted_kappa': {'mean': 0.03225374495858006, 'std': 0.004085209627444097}, 'recall': {'mean': 0.03383071019271598, 'std': 0.003196473502584341}, 'roc_auc': {'mean': 0.0, 'std': 0.0}}",0.03383071019271598,COMPLETE
41,0.8260211314174656,3.891520226757339,0.011437478513799346,0.825934440860524,"{'accuracy': {'mean': 0.8393060942910576, 'std': 0.006409781570298715}, 'balanced_accuracy': {'mean': 0.8422654724572773, 'std': 0.007358969706195606}, 'brier_score': {'mean': 1.0, 'std': 0.0}, 'cohen_kappa': {'mean': 0.6773160857372098, 'std': 0.013390855680609976}, 'f1': {'mean': 0.825934440860524, 'std': 0.008227436947195549}, 'mean_absolute_stage_error': {'mean': 0.16069390570894235, 'std': 0.0064097815702987}, 'precision': {'mean': 0.7887749837416702, 'std': 0.0039362461839182366}, 'quadratic_weighted_kappa': {'mean': 0.6773160857372098, 'std': 0.013390855680609976}, 'recall': {'mean': 0.8669055694151631, 'std': 0.016014891025593093}, 'roc_auc': {'mean': 0.0, 'std': 0.0}}",0.8669055694151631,COMPLETE
42,0.8050455925352684,10.435591366167477,0.048176136707584055,0.8049632419898716,"{'accuracy': {'mean': 0.8244219889419595, 'std': 0.003136084404264979}, 'balanced_accuracy': {'mean': 0.8243251501867939, 'std': 0.0029272174185565355}, 'brier_score': {'mean': 1.0, 'std': 0.0}, 'cohen_kappa': {'mean': 0.6454639761442943, 'std': 0.0061181893662852855}, 'f1': {'mean': 0.8049632419898716, 'std': 0.003084042837645063}, 'mean_absolute_stage_error': {'mean': 0.17557801105804055, 'std': 0.0031360844042649764}, 'precision': {'mean': 0.7872933474689158, 'std': 0.005873670779154618}, 'quadratic_weighted_kappa': {'mean': 0.6454639761442943, 'std': 0.0061181893662852855}, 'recall': {'mean': 0.8235054539688988, 'std': 0.005541624647003353}, 'roc_auc': {'mean': 0.0, 'std': 0.0}}",0.8235054539688988,COMPLETE
43,0.8186057615535075,1.0280798298954383,0.01308771729030578,0.8185177801785078,"{'accuracy': {'mean': 0.8283380387295095, 'std': 0.006943791575390713}, 'balanced_accuracy': {'mean': 0.8338559049711035, 'std': 0.006897269526460754}, 'brier_score': {'mean': 1.0, 'std': 0.0}, 'cohen_kappa': {'mean': 0.6571644102741673, 'std': 0.013751255243242918}, 'f1': {'mean': 0.8185177801785078, 'std': 0.007088781046163503}, 'mean_absolute_stage_error': {'mean': 0.17166196127049052, 'std': 0.006943791575390711}, 'precision': {'mean': 0.7652368228474442, 'std': 0.007968958843851631}, 'quadratic_weighted_kappa': {'mean': 0.6571644102741673, 'std': 0.013751255243242918}, 'recall': {'mean': 0.8798137499969034, 'std': 0.00801343336202231}, 'roc_auc': {'mean': 0.0, 'std': 0.0}}",0.8798137499969034,COMPLETE
44,0.7902070670534043,2.0952153032265604,0.1349340691652163,0.790121511907994,"{'accuracy': {'mean': 0.8000396950385517, 'std': 0.005091700678703721}, 'balanced_accuracy': {'mean': 0.8059890382370909, 'std': 0.005271107900850212}, 'brier_score': {'mean': 1.0, 'std': 0.0}, 'cohen_kappa': {'mean': 0.6013047248486937, 'std': 0.010214543245154487}, 'f1': {'mean': 0.790121511907994, 'std': 0.005633520458011539}, 'mean_absolute_stage_error': {'mean': 0.19996030496144837, 'std': 0.005091700678703729}, 'precision': {'mean': 0.7340436035508168, 'std': 0.005685604091149204}, 'quadratic_weighted_kappa': {'mean': 0.6013047248486937, 'std': 0.010214543245154487}, 'recall': {'mean': 0.8555514541026777, 'std': 0.009732113968054422}, 'roc_auc': {'mean': 0.0, 'std': 0.0}}",0.8555514541026777,COMPLETE
45,0.8152040594588456,0.5406899292664065,0.02404772638336937,0.81511545487221,"{'accuracy': {'mean': 0.8231480083206171, 'std': 0.00650233676690572}, 'balanced_accuracy': {'mean': 0.8298906258522024, 'std': 0.006457629769791172}, 'brier_score': {'mean': 1.0, 'std': 0.0}, 'cohen_kappa': {'mean': 0.6477004000980497, 'std': 0.012845871233617617}, 'f1': {'mean': 0.81511545487221, 'std': 0.00657912392079256}, 'mean_absolute_stage_error': {'mean': 0.17685199167938298, 'std': 0.006502336766905695}, 'precision': {'mean': 0.7547285428042593, 'std': 0.007353868720142751}, 'quadratic_weighted_kappa': {'mean': 0.6477004000980497, 'std': 0.012845871233617617}, 'recall': {'mean': 0.8860458663548462, 'std': 0.0077154363153519355}, 'roc_auc': {'mean': 0.0, 'std': 0.0}}",0.8860458663548462,COMPLETE
46,0.7406891863457543,0.09546356862748909,0.046899671234917444,0.7405963308592077,"{'accuracy': {'mean': 0.7137696239949797, 'std': 0.007363570492708815}, 'balanced_accuracy': {'mean': 0.7367911067227839, 'std': 0.006676782069845093}, 'brier_score': {'mean': 1.0, 'std': 0.0}, 'cohen_kappa': {'mean': 0.4491622878302648, 'std': 0.01331800618679638}, 'f1': {'mean': 0.7405963308592077, 'std': 0.005221396946152244}, 'mean_absolute_stage_error': {'mean': 0.2862303760050204, 'std': 0.007363570492708812}, 'precision': {'mean': 0.6159582457841305, 'std': 0.006717446692311002}, 'quadratic_weighted_kappa': {'mean': 0.4491622878302648, 'std': 0.01331800618679638}, 'recall': {'mean': 0.9285548654654641, 'std': 0.005478259481374011}, 'roc_auc': {'mean': 0.0, 'std': 0.0}}",0.9285548654654641,COMPLETE
47,0.7958375484034468,1.0346288065019087,0.09213399533197741,0.79574858796485,"{'accuracy': {'mean': 0.7990604548725421, 'std': 0.0037463633079191493}, 'balanced_accuracy': {'mean': 0.808765111080319, 'std': 0.0032249142983277186}, 'brier_score': {'mean': 1.0, 'std': 0.0}, 'cohen_kappa': {'mean': 0.6023080908823191, 'std': 0.006947939887717344}, 'f1': {'mean': 0.79574858796485, 'std': 0.0029722075607268453}, 'mean_absolute_stage_error': {'mean': 0.20093954512745799, 'std': 0.0037463633079191415}, 'precision': {'mean': 0.7198574147962111, 'std': 0.005737505396478145}, 'quadratic_weighted_kappa': {'mean': 0.6023080908823191, 'std': 0.006947939887717344}, 'recall': {'mean': 0.8896043859670856, 'std': 0.005546663224988279}, 'roc_auc': {'mean': 0.0, 'std': 0.0}}",0.8896043859670856,COMPLETE
48,0.6355549471854972,0.029676745984187482,0.0002469910740015673,0.6354561714113756,"{'accuracy': {'mean': 0.50137149234648, 'std': 0.0035126118503540234}, 'balanced_accuracy': {'mean': 0.5535038912571635, 'std': 0.0030567984800880673}, 'brier_score': {'mean': 1.0, 'std': 0.0}, 'cohen_kappa': {'mean': 0.09564561287672968, 'std': 0.005544171945177231}, 'f1': {'mean': 0.6354561714113756, 'std': 0.0012580366655601859}, 'mean_absolute_stage_error': {'mean': 0.49862850765351985, 'std': 0.0035126118503540256}, 'precision': {'mean': 0.4683998886321363, 'std': 0.0016344467158983906}, 'quadratic_weighted_kappa': {'mean': 0.09564561287672968, 'std': 0.005544171945177231}, 'recall': {'mean': 0.9877577412170415, 'std': 0.003071208719699343}, 'roc_auc': {'mean': 0.0, 'std': 0.0}}",0.9877577412170415,COMPLETE
49,0.822765519951935,3.6618093174676094,0.010243787947438236,0.8226788071728264,"{'accuracy': {'mean': 0.8355848761903119, 'std': 0.006003305573180442}, 'balanced_accuracy': {'mean': 0.8389668040959422, 'std': 0.0066856576148432685}, 'brier_score': {'mean': 1.0, 'std': 0.0}, 'cohen_kappa': {'mean': 0.67016362029163, 'std': 0.012400044973395067}, 'f1': {'mean': 0.8226788071728264, 'std': 0.007388754493256215}, 'mean_absolute_stage_error': {'mean': 0.16441512380968817, 'std': 0.006003305573180436}, 'precision': {'mean': 0.7826530291769551, 'std': 0.00497547562731529}, 'quadratic_weighted_kappa': {'mean': 0.67016362029163, 'std': 0.012400044973395067}, 'recall': {'mean': 0.8671277910868547, 'std': 0.013753713834818023}, 'roc_auc': {'mean': 0.0, 'std': 0.0}}",0.8671277910868547,COMPLETE
